Up-Sed,Mid-Sed,Down-Sed,Up-Wat,Mid-Wat,Down-Wat,OTUs
False,True,False,False,False,False,3666
False,False,False,False,True,False,2144
False,False,False,False,False,True,1741
True,False,False,False,False,False,1580
True,True,True,True,True,True,1119
False,False,False,True,False,False,767
True,True,False,False,False,False,594
False,False,True,False,False,False,538
True,True,True,False,False,False,420
False,False,False,False,True,True,318
True,False,True,False,False,False,317
True,True,True,False,True,True,314
False,False,False,True,True,True,263
False,True,True,False,False,False,244
False,True,False,False,False,True,227
True,True,False,True,True,True,225
False,True,False,False,True,False,203
True,True,True,False,True,False,178
True,False,False,True,True,True,162
True,True,False,False,True,False,144
False,False,False,True,True,False,136
True,True,False,False,True,True,125
True,False,False,False,True,False,120
False,True,False,False,True,True,113
True,False,False,False,True,True,113
True,True,True,False,False,True,106
False,False,False,True,False,True,95
False,True,False,True,True,True,95
False,True,True,True,True,True,92
True,False,False,False,False,True,91
