"Sample_ID","NMDS1","NMDS2","Site_code","Site_number","Site_name","River","Zone","Habitat","Latitude","Longitude","Collection","BioProject","Group"
"AbbS",-0.511456482026694,0.140390187173842,"Abb",3,"Aminbazar Bridge","Turag","Upstream","Sediment",23.7845523,90.3363125,"January 2023","PRJNA1399629","UpstrmS"
"AbbW",0.685447937915282,0.547349953858259,"Abb",3,"Aminbazar Bridge","Turag","Upstream","Water",23.7845523,90.3363125,"January 2023","PRJNA1399629","UpstrmW"
"BbbS",0.143694509359262,0.384700132238921,"Bbb",9,"Babubazar Bridge","Buriganga","Midstream","Sediment",23.7084813,90.4004957,"January 2023","PRJNA1399629","MidstrmS"
"BbbW",0.645153008368483,-0.0016182535201043,"Bbb",9,"Babubazar Bridge","Buriganga","Midstream","Water",23.7084813,90.4004957,"January 2023","PRJNA1399629","MidstrmW"
"BsbS",-0.654022882028386,-0.0971130403195269,"Bsb",4,"Bosila Bridge","Buriganga","Midstream","Sediment",23.7440959,90.3464334,"January 2023","PRJNA1399629","MidstrmS"
"BsbW",-0.279260387517555,-1.09615104855434,"Bsb",4,"Bosila Bridge","Buriganga","Midstream","Water",23.7440959,90.3464334,"January 2023","PRJNA1399629","MidstrmW"
"BsgS",-0.767591387396805,0.618758594442684,"Bsg",7,"Barishur Ghat","Buriganga","Midstream","Sediment",23.7059582,90.3759116,"January 2023","PRJNA1399629","MidstrmS"
"BsgW",0.136676451809741,-0.272835774911416,"Bsg",7,"Barishur Ghat","Buriganga","Midstream","Water",23.7059582,90.3759116,"January 2023","PRJNA1399629","MidstrmW"
"CmbS",-0.0960606147088296,0.338617220679294,"Cmb",11,"Char Mirerbagh","Buriganga","Downstream","Sediment",23.686372,90.425797,"January 2023","PRJNA1399629","DownstmS"
"CmbW",0.22425271740958,-0.213085226701333,"Cmb",11,"Char Mirerbagh","Buriganga","Downstream","Water",23.686372,90.425797,"January 2023","PRJNA1399629","DownstmW"
"DeulS",-0.510218554826245,-0.216174412618149,"Deul",1,"Deul","Turag","Upstream","Sediment",23.8661403,90.3507461,"January 2023","PRJNA1399629","UpstrmS"
"DeulW",0.143011632989516,-0.505251439229962,"Deul",1,"Deul","Turag","Upstream","Water",23.8661403,90.3507461,"January 2023","PRJNA1399629","UpstrmW"
"FatulS",-0.304492134234525,0.533012788841567,"Fatul",14,"Fatullah","Buriganga","Downstream","Sediment",23.6411826,90.4723568,"January 2023","PRJNA1399629","DownstmS"
"FatulW",1.24528315448695,-0.084072695512637,"Fatul",14,"Fatullah","Buriganga","Downstream","Water",23.6411826,90.4723568,"January 2023","PRJNA1399629","DownstmW"
"HnbS",-0.0970391722980592,0.505657417309361,"Hnb",10,"Nayatola (Hasnabad)","Buriganga","Downstream","Sediment",23.696665,90.412138,"January 2023","PRJNA1399629","DownstmS"
"HnbW",0.222439611662004,-0.304370099248266,"Hnb",10,"Nayatola (Hasnabad)","Buriganga","Downstream","Water",23.696665,90.412138,"January 2023","PRJNA1399629","DownstmW"
"JjfS",-0.0541845430713336,0.211617722207512,"Jjf",8,"Jinjira Ferryghat","Buriganga","Midstream","Sediment",23.7092334,90.3933855,"January 2023","PRJNA1399629","MidstrmS"
"JjfW",0.186099308315107,-0.22418837943315,"Jjf",8,"Jinjira Ferryghat","Buriganga","Midstream","Water",23.7092334,90.3933855,"January 2023","PRJNA1399629","MidstrmW"
"KrcS",-1.4037423922913,0.0819669019877519,"Krc",6,"Kamrangirchar","Buriganga","Midstream","Sediment",23.7099437,90.3649564,"January 2023","PRJNA1399629","MidstrmS"
"KrcW",0.8330956843629,0.193394182810486,"Krc",6,"Kamrangirchar","Buriganga","Midstream","Water",23.7099437,90.3649564,"January 2023","PRJNA1399629","MidstrmW"
"MdcS",-0.810287219391834,-0.0620627935353713,"Mdc",5,"Madhyer Char","Buriganga","Midstream","Sediment",23.7296287,90.3575465,"January 2023","PRJNA1399629","MidstrmS"
"MdcW",0.0812413212709627,-0.915036416099842,"Mdc",5,"Madhyer Char","Buriganga","Midstream","Water",23.7296287,90.3575465,"January 2023","PRJNA1399629","MidstrmW"
"NbbS",-0.808601506359165,-0.496290242020707,"Nbb",2,"Nobaberbag","Turag","Upstream","Sediment",23.8132878,90.3393873,"January 2023","PRJNA1399629","UpstrmS"
"NbbW",0.400750469947577,-0.423389542791663,"Nbb",2,"Nobaberbag","Turag","Upstream","Water",23.8132878,90.3393873,"January 2023","PRJNA1399629","UpstrmW"
"PaglaS",0.0526539133765971,0.716414874286865,"Pagla",13,"Pagla","Buriganga","Downstream","Sediment",23.660983,90.4557016,"January 2023","PRJNA1399629","DownstmS"
"PaglaW",0.783357594952032,-0.0516215446540015,"Pagla",13,"Pagla","Buriganga","Downstream","Water",23.660983,90.4557016,"January 2023","PRJNA1399629","DownstmW"
"PgbS",-0.0557543696842202,0.60844038418282,"Pgb",12,"Postagola Bridge","Buriganga","Downstream","Sediment",23.6879863,90.4242685,"January 2023","PRJNA1399629","DownstmS"
"PgbW",0.569554329608951,0.082940549131109,"Pgb",12,"Postagola Bridge","Buriganga","Downstream","Water",23.6879863,90.4242685,"January 2023","PRJNA1399629","DownstmW"
