Genus,Mean_sediment,Mean_water,Difference,CI_low,CI_high,p,p_display
Acinetobacter,0.013864613433983642,0.05032827160234261,-0.03646365816835896,-0.06602948502660107,-0.006897831310116856,0.018460752751540313,0.018
Thiobacillus,0.04674426537359925,0.0016903473558955318,0.04505391801770372,0.012033444365234944,0.0780743916701725,0.011312859617345272,0.011
Prevotella_9,0.00122349671010885,0.02720672676812844,-0.02598323005801959,-0.04550367390758398,-0.006462786208455196,0.01298888514162344,0.013
Trichlorobacter,0.005541411610034628,0.03005643539543867,-0.024515023785404044,-0.041658430678129514,-0.007371616892678574,0.008403613023370818,0.008
Sulfuricurvum,0.03217173717640617,0.008643983086477954,0.02352775408992822,0.004556652713965638,0.0424988554658908,0.01854112140093035,0.019
Thauera,0.035376157515294826,0.008693310383088461,0.026682847132206367,0.005918253410752982,0.04744744085365975,0.015428201316234288,0.015
Aquabacterium,0.0018756417776731274,0.013964476050937718,-0.01208883427326459,-0.023199157228616867,-0.0009785113179123107,0.035153874310075876,0.035
Thermomonas,0.011949434102933925,0.0031474698711325415,0.008801964231801384,0.0004465896885708035,0.017157338775031963,0.04023604885354579,0.040
Geothrix,0.010206873365352467,0.00010959721011319627,0.010097276155239272,0.0019438331804860678,0.018250719129992474,0.01906585797526092,0.019
Saccharofermentans,0.0007321413720365262,0.0173091777133945,-0.016577036341357976,-0.025067528130928256,-0.008086544551787696,0.001002972028923631,0.001
Methanosaeta,0.010598680913037605,0.001221002899320728,0.009377678013716877,0.0012917135817730931,0.017463642445660663,0.026171309318868397,0.026
Aeromonas,0.004724921678017781,0.011995827646451422,-0.007270905968433642,-0.014416559952776097,-0.00012525198409118685,0.04650623136576172,0.047
Acidovorax,0.0012831189013754929,0.009196604488798586,-0.007913485587423092,-0.013589088135941948,-0.002237883038904238,0.009897396796806785,0.010
Vibrio,0.006180281296357412,5.30154601001732e-05,0.006127265836257239,0.0011476201066322918,0.011106911565882185,0.019699075571465715,0.020
Sulfurospirillum,0.0006962295632289897,0.006173521147263086,-0.005477291584034096,-0.009783066124487594,-0.0011715170435805987,0.016433670823552633,0.016
Candidatus_Competibacter,0.005419171818430437,0.0001689261591565616,0.005250245659273875,0.0018981599960407615,0.008602331322506988,0.004888897437010747,0.005
Georgenia,0.004869520349216274,7.604376831214104e-05,0.0047934765809041335,0.0005464884025937426,0.009040464759214524,0.029856692081037698,0.030
Phenylobacterium,0.0047218884042299816,0.00017999066835257168,0.00454189773587741,0.0013444286440989074,0.007739366827655912,0.008967373637639026,0.009
Rivicola,0.000300845177669206,0.0028154958230117454,-0.0025146506453425396,-0.004872432761975604,-0.00015686852870947562,0.03830927334267427,0.038
Escherichia-Shigella,0.0005647714010451532,0.003819129339772143,-0.0032543579387269896,-0.005419967442508133,-0.0010887484349458463,0.0062892721016710555,0.006
Candidatus_Bacilloplasma,0.00328413129880138,0.00012864415929855167,0.0031554871395028283,0.000618575453699745,0.005692398825305912,0.018560233335945437,0.019
Thiovirga,0.0005455750634328344,0.0031285867856049063,-0.002583011722172072,-0.004491620359999853,-0.0006744030843442903,0.0116296872442308,0.012
Dysgonomonas,0.003348419397917805,0.0004932068613570934,0.002855212536560712,0.00020005945795252686,0.005510365615168896,0.03665367530620229,0.037
Ellin6067,0.003889560408400485,0.0005060266304960061,0.003383533777904479,0.0011148671750259489,0.005652200380783009,0.006544402124468898,0.007
GKS98_freshwater_group,3.602124924954139e-05,0.001879763603568742,-0.0018437423543192007,-0.003493494376146376,-0.00019399033249202524,0.031230709248678483,0.031
Sphingorhabdus,0.0022034251307458375,0.00016318256540389362,0.0020402425653419437,0.00013808766935488343,0.003942397461329004,0.03742325979623133,0.037
Desulfobacter,0.0005269163356025551,0.0029603676649430344,-0.0024334513293404795,-0.004379975123862954,-0.00048692753481800527,0.017845927768975717,0.018
Pseudarcobacter,0.00010960787338671341,0.002695203205260735,-0.0025855953318740213,-0.004399722258953274,-0.0007714684047947689,0.008785141012244565,0.009
Limnobacter,0.0024265375539573816,0.00010894887744687524,0.0023175886765105062,0.0006003141278948644,0.004034863225126148,0.012030966210912614,0.012
Rhodanobacter,0.0027587680737068527,0.00025386381820507683,0.0025049042555017756,0.0005381236616510141,0.004471684849352537,0.015981063797259054,0.016
Tolumonas,0.0006266248926303136,0.003103637902848483,-0.0024770130102181693,-0.0043175225438511055,-0.0006365034765852334,0.011796274971272041,0.012
Syntrophus,0.0034356279067996945,0.0002311765812586366,0.0032044513255410577,0.0014761914883888241,0.004932711162693291,0.0014865799534200584,0.001
Caulobacter,0.0018209713204085948,0.0002794488476373645,0.0015415224727712304,0.0001867629856539513,0.0028962819598885095,0.02853373268910167,0.029
Caldisericum,0.0018877177331412087,3.782960697844154e-05,0.0018498881261627671,0.00013727375094956516,0.003562502501375969,0.03632231647577971,0.036
Vogesella,9.85024121620331e-05,0.002046035593662042,-0.001947533181500009,-0.00362646107509141,-0.00026860528790860786,0.026280037435704878,0.026
Erysipelothrix,0.0005741815291089918,0.004452764830617874,-0.0038785833015088818,-0.005131625210157729,-0.0026255413928600348,1.0566207238453239e-05,<0.001
Ferritrophicum,0.0016600047406124959,4.778234669706635e-05,0.0016122223939154295,0.00017458688963321,0.003049857898197649,0.030743193502734377,0.031
Enhydrobacter,0.00048353969081354694,0.0017431184829448324,-0.0012595787921312854,-0.002484580070470894,-3.4577513791676784e-05,0.0446116818806955,0.045
Methanolinea,0.0016328732687071724,0.0001010084810174546,0.0015318647876897177,0.00021347337930010851,0.002850256196079327,0.026063437492446447,0.026
Anaerolinea,0.0015812737122639325,7.095868660672317e-05,0.0015103150256572094,0.0002888310968520969,0.002731798954462322,0.019210547160048393,0.019
Anaeromyxobacter,0.002809321692974743,0.00040997206942696584,0.0023993496235477775,0.0009275395066110849,0.00387115974048447,0.0035242941795525285,0.004
Succinivibrio,8.198915346095434e-05,0.002250603167265275,-0.0021686140138043207,-0.0034930733669774677,-0.0008441546606311739,0.0036338635420055314,0.004
Sva0081_sediment_group,0.002013056956183542,0.0006844081465254655,0.0013286488096580767,0.00019994325941186109,0.0024573543599042923,0.02383813822183909,0.024
Megasphaera,0.00022220575886032923,0.001909074599369419,-0.0016868688405090898,-0.003007738139987744,-0.00036599954103043605,0.016120260376363407,0.016
unidentified_Nitrospiraceae,0.0013564688305688552,1.5504952426367095e-05,0.0013409638781424881,0.00022658837090583838,0.002455339385379138,0.022020095430473712,0.022
Bifidobacterium,0.00040093658394207873,0.0018342614025411996,-0.001433324818599121,-0.0024714441739547713,-0.00039520546324347075,0.010262539673054244,0.010
Desulfovibrio,0.0014402821157410248,0.0031447939451230153,-0.0017045118293819905,-0.003111170640944084,-0.00029785301781989665,0.01947411266878175,0.019
Faecalibacterium,0.000543295187036439,0.0018807714383186765,-0.0013374762512822374,-0.0024616670922051375,-0.00021328541035933735,0.022541366930053996,0.023
[Eubacterium]_brachy_group,0.002221520007351781,0.0005997933517622708,0.0016217266555895102,0.0004950523223240608,0.0027484009888549595,0.007417172187650331,0.007
Sulfuritalea,0.0013301976928240678,0.00013027215941692895,0.001199925533407139,0.00012145927834920716,0.0022783917884650704,0.031814102944081366,0.032
Bradyrhizobium,0.001812875869521315,0.00013552168688462366,0.0016773541826366914,0.0005830770058693386,0.002771631359404044,0.005279159989848043,0.005
Ideonella,0.0017558446078756475,0.00017582592287015728,0.0015800186850054901,0.0005697237608773863,0.0025903136091335937,0.004858066288720879,0.005
Syntrophorhabdus,0.0019238369977983424,7.7607745372693e-05,0.0018462292524256494,0.0008260229210718933,0.0028664355837794055,0.0017886787426889103,0.002
Bact-08,0.0003028109764105735,0.0014736131444610648,-0.0011708021680504914,-0.0018318500456894066,-0.0005097542904115761,0.0018119448037731628,0.002
unidentified_Gemmatimonadaceae,0.0009987779488558216,1.8477474266310604e-05,0.000980300474589511,0.00032966904030419194,0.0016309319088748302,0.0062638010899753105,0.006
Geobacter,0.0010678954340232157,4.24610849078166e-05,0.0010254343491153991,0.0004946623503745671,0.001556206347856231,0.0010802446429990851,0.001
Leptolinea,0.0012610864540088002,1.2924027558915763e-05,0.0012481624264498844,0.0006683970783093322,0.0018279277745904367,0.00045298524668943395,<0.001
Vibrionimonas,0.001039491594402606,7.984945141268786e-05,0.0009596421429899181,0.00013381973887995372,0.0017854645470998824,0.025812634797089885,0.026
Sphingopyxis,0.0009955439985684191,3.4564184104483086e-05,0.000960979814463936,0.00020548228590380724,0.0017164773430240648,0.016586531527959626,0.017
Roseimarinus,0.0012238799208803535,0.00028234920879182795,0.0009415307120885256,6.917939460843062e-05,0.0018138820295686207,0.03619783476621341,0.036
Rubrivivax,0.0010274363183465425,0.0002983468892641225,0.00072908942908242,0.00012724644351708235,0.0013309324146477577,0.0206385514987696,0.021
Actinotalea,0.0010617516019545401,6.164015231441805e-05,0.0010001114496401222,0.0004128698069348533,0.001587353092345391,0.0027649389929593924,0.003
Agathobacter,0.00022897496576124092,0.0011872490999692716,-0.0009582741342080307,-0.0014719664965659404,-0.000444581771850121,0.0012576108836192478,0.001
Brevundimonas,0.0011059785346649359,0.00038822485221852036,0.0007177536824464156,0.00013421807573201308,0.001301289289160818,0.01858951000617223,0.019
Rhodocyclus,4.563900695619248e-05,0.001197076003665013,-0.0011514369967088206,-0.0016279694778926683,-0.0006749045155249728,0.00015560836422638338,<0.001
