k__Bacteria.p__Proteobacteria.c__Gammaproteobacteria.o__Burkholderiales.f__Hydrogenophilaceae	Downstream	4.63317667292061	0.016907465652705306
k__Bacteria.p__Proteobacteria.c__Gammaproteobacteria.o__Burkholderiales.f__Hydrogenophilaceae.g__Thiobacillus	Downstream	4.630128698406913	0.016907465652705306
k__Bacteria.p__Proteobacteria.c__Gammaproteobacteria.o__Burkholderiales.f__Rhodocyclaceae.g__Thauera	Downstream	4.488023131139327	0.02035791062178228
k__Bacteria.p__Proteobacteria.c__Gammaproteobacteria.o__Burkholderiales.f__Rhodocyclaceae	Downstream	4.4590043520845715	0.03215642971551174
k__Bacteria	Downstream	4.270654095649858	0.027090519978948614
k__Bacteria.p__Proteobacteria.c__Alphaproteobacteria.o__Sphingomonadales.f__Sphingomonadaceae	Downstream	4.203495284482096	0.04378029588007388
k__Bacteria.p__Proteobacteria.c__Alphaproteobacteria.o__Sphingomonadales	Downstream	4.20349527831307	0.04378029588007388
k__Bacteria.p__Bacteroidota.c__Bacteroidia.o__Flavobacteriales.f__Weeksellaceae.g__Cloacibacterium	Downstream	4.197983003080627	0.023822069045322112
k__Bacteria.p__Bacteroidota.c__Bacteroidia.o__Flavobacteriales.f__Weeksellaceae	Downstream	4.192553670722848	0.03356452026914451
k__Bacteria.p__Acidobacteriota.c__Holophagae.o__Holophagales.f__Holophagaceae.g__Geothrix	Downstream	4.064723620203073	0.021555099447243587
k__Bacteria.p__Acidobacteriota.c__Holophagae.o__Holophagales.f__Holophagaceae	Downstream	4.056536151040265	0.0340474547345995
k__Bacteria.p__Acidobacteriota.c__Holophagae.o__Holophagales	Downstream	4.054471874802634	0.0340474547345995
k__Bacteria.p__Proteobacteria.c__Alphaproteobacteria.o__Sphingomonadales.f__Sphingomonadaceae.g__Novosphingobium	Downstream	4.041690093803073	0.03356452026914451
k__Bacteria.p__Acidobacteriota.c__Holophagae	Downstream	4.039494760460005	0.04742662834586722
Taxon	Group	LDA_log10	p_KW
k__Bacteria.p__Firmicutes	Midstream	4.872380553211006	0.010951424780037267
k__Bacteria.p__Firmicutes.c__Bacilli	Midstream	4.824292591460743	0.0340474547345995
k__Archaea.p__Halobacterota	Midstream	4.154106165921298	0.023261575940231753
k__Archaea.p__Halobacterota.c__Methanosarcinia.o__Methanosarciniales	Midstream	4.060562445999925	0.023261575940231753
k__Archaea.p__Halobacterota.c__Methanosarcinia	Midstream	4.060562443083635	0.023261575940231753
k__Archaea.p__Halobacterota.c__Methanosarcinia.o__Methanosarciniales.f__Methanosaetaceae	Midstream	4.054234680872521	0.023261575940231753
k__Archaea.p__Halobacterota.c__Methanosarcinia.o__Methanosarciniales.f__Methanosaetaceae.g__Methanosaeta	Midstream	4.054234680711274	0.023261575940231753
k__Bacteria.p__Proteobacteria.c__Gammaproteobacteria.o__Enterobacterales	Upstream	4.466374197154473	0.044157168419692666
k__Archaea	Upstream	4.411426480645848	0.027090519978948614
k__Bacteria.p__Firmicutes.c__Clostridia	Upstream	4.17422686919168	0.02213763471588586
k__Archaea.p__Crenarchaeota	Upstream	4.005159266282862	0.03164847404188614
