Taxon	Group	LDA_log10	p_KW
k__Bacteria.p__Firmicutes.c__Bacilli.o__Bacillales.f__Bacillaceae	Sediment	4.471790415892208	0.0032709751135504973
k__Bacteria.p__Firmicutes.c__Bacilli.o__Bacillales	Sediment	4.471402343657379	0.0028209929425650113
k__Bacteria.p__Firmicutes.c__Bacilli.o__Bacillales.f__Bacillaceae.g__Bacillus	Sediment	4.470244203213387	0.0028172238391609645
k__Bacteria.p__Firmicutes.c__Bacilli.o__Bacillales.f__Bacillaceae.g__Bacillus.s__Bacillus_clausii	Sediment	4.466704924778015	0.004872115773369034
k__Bacteria.p__Proteobacteria.c__Gammaproteobacteria.o__Burkholderiales.f__Hydrogenophilaceae	Sediment	4.341929515748586	2.3663145964640406e-05
k__Bacteria.p__Proteobacteria.c__Gammaproteobacteria.o__Burkholderiales.f__Hydrogenophilaceae.g__Thiobacillus	Sediment	4.339762628571569	2.3663145964640406e-05
k__Bacteria.p__Bacteroidota.c__Bacteroidia.o__Bacteroidales.f__Bacteroidetes_vadinHA17	Sediment	4.156732693064828	1.2710554231844018e-05
k__Bacteria.p__Acidobacteriota	Sediment	4.14201255811709	0.00023709184673172972
k__Archaea	Sediment	4.05854756720727	0.024357915718036978
k__Bacteria.p__Desulfobacterota.c__Desulfobulbia	Sediment	4.057379068681051	0.011500141389801844
k__Bacteria.p__Desulfobacterota.c__Desulfobulbia.o__Desulfobulbales	Sediment	4.057379068681051	0.011500141389801844
k__Bacteria.p__Proteobacteria.c__Gammaproteobacteria.o__Enterobacterales.f__Enterobacteriaceae.g__Enterobacter	Sediment	4.054980814198785	0.016881460276560373
k__Bacteria.p__unidentified_Bacteria.c__Gammaproteobacteria	Sediment	4.029024754161354	0.0011051786031411766
k__Bacteria.p__Campylobacterota.c__Campylobacteria.o__Campylobacterales.f__Sulfurimonadaceae.g__Sulfuricurvum	Sediment	4.00981388153897	0.030808222945525616
k__Bacteria.p__Campylobacterota.c__Campylobacteria.o__Campylobacterales.f__Sulfurimonadaceae	Sediment	4.004562043495864	0.04818307140060082
k__Bacteria.p__Proteobacteria.c__Gammaproteobacteria	Water	4.919445483502204	0.0037951640669938607
k__Bacteria.p__Proteobacteria	Water	4.863002276508287	0.03455002005338761
k__Bacteria.p__Firmicutes.c__Clostridia	Water	4.486395914275437	0.00023709184673172972
k__Bacteria.p__Proteobacteria.c__Gammaproteobacteria.o__Run_SP154	Water	4.410952950049465	6.7041061023182635e-06
k__Bacteria.p__Proteobacteria.c__Gammaproteobacteria.o__Burkholderiales.f__Rhodocyclaceae.g__C39	Water	4.405616239214425	6.7041061023182635e-06
k__Bacteria.p__Proteobacteria.c__Gammaproteobacteria.o__Pseudomonadales	Water	4.389125198960068	0.005065974239004404
k__Bacteria.p__Proteobacteria.c__Gammaproteobacteria.o__Burkholderiales.f__Comamonadaceae	Water	4.326452788584777	0.04320756860193605
k__Bacteria.p__Campylobacterota.c__Campylobacteria.o__Campylobacterales.f__Arcobacteraceae	Water	4.2431354025550645	0.0015223449979948616
k__Bacteria.p__Proteobacteria.c__Gammaproteobacteria.o__Pseudomonadales.f__Moraxellaceae	Water	4.236272403352278	0.011500141389801844
k__Bacteria.p__Proteobacteria.c__Gammaproteobacteria.o__Pseudomonadales.f__Moraxellaceae.g__Acinetobacter	Water	4.213472801983933	0.008818335537277844
k__Bacteria.p__Campylobacterota.c__Campylobacteria.o__Campylobacterales.f__Arcobacteraceae.g__Arcobacter	Water	4.194013643450357	0.00033847703266095896
k__Bacteria.p__Firmicutes.c__Clostridia.o__Oscillospirales	Water	4.182944445460126	0.00019783738251226527
k__Bacteria.p__Desulfobacterota.c__Desulfuromonadia.o__Geobacterales.f__Geobacteraceae.g__Trichlorobacter	Water	4.138238089193372	0.00033847703266095896
k__Bacteria.p__Bacteroidota.c__Bacteroidia.o__Bacteroidales.f__Prevotellaceae	Water	4.125461532478376	0.0004032137835119365
k__Bacteria.p__Bacteroidota.c__Bacteroidia.o__Bacteroidales.f__Prevotellaceae.g__Prevotella_9	Water	4.105476437977881	3.545048076724185e-05
k__Bacteria.p__Firmicutes.c__Clostridia.o__Peptostreptococcales_Tissierellales.f__Anaerovoracaceae	Water	4.060920897393051	0.00023709184673172972
k__Bacteria	Water	4.058547567207271	0.024357915718036978
k__Bacteria.p__Firmicutes.c__Clostridia.o__Peptostreptococcales_Tissierellales.f__Anaerovoracaceae.g__Anaerovorax	Water	4.057771698924549	1.2710554231844018e-05
k__Bacteria.p__Desulfobacterota.c__Desulfuromonadia.o__Geobacterales.f__Geobacteraceae	Water	4.055295667146332	0.008818335537277844
k__Bacteria.p__Desulfobacterota.c__Desulfuromonadia.o__Geobacterales	Water	4.054171259940824	0.008818335537277844
k__Bacteria.p__Firmicutes.c__Clostridia.o__Peptostreptococcales_Tissierellales	Water	4.053185627679274	0.0012983799342566507
