Sample_ID,observed_species,shannon,simpson,chao1,ACE,goods_coverage,PD_whole_tree
BbbW,1356,7.472,0.977,1511.871,1541.634,0.99,464.924
AbbW,1246,7.153,0.966,1391.6,1449.106,0.99,132.484
KrcW,917,5.804,0.921,1134.348,1200.106,0.99,140.932
PgbW,1130,6.307,0.944,1389.133,1489.349,0.988,122.508
PaglaS,1210,6.829,0.972,1566.125,1637.094,0.986,526.995
PgbS,1126,6.555,0.962,1598.005,1609.841,0.985,153.761
FatulS,1484,7.516,0.981,1890.74,1990.789,0.983,148.607
BbbS,1338,6.835,0.958,1855.838,1909.318,0.983,305.321
HnbS,1259,6.673,0.965,1748.394,1833.953,0.983,235.512
NbbW,1218,5.987,0.943,1646.154,1788.795,0.983,208.51
HnbW,1690,7.347,0.974,2143.932,2249.74,0.98,209.274
BsbS,2278,8.26,0.986,2647.383,2740.225,0.979,322.286
CmbS,1445,6.516,0.959,2145.583,2313.865,0.979,187.831
JjfW,1692,7.162,0.971,2199.802,2291.526,0.979,180.966
AbbS,1982,8.43,0.99,2497.324,2574.763,0.978,240.555
JjfS,1812,7.68,0.981,2394.403,2504.972,0.978,295.975
CmbW,1620,7.305,0.981,2279.15,2326.162,0.978,174.226
BsgS,1279,2.126,0.32,1928.018,2202.88,0.977,256.443
NbbS,3102,9.851,0.996,3538.065,3599.424,0.975,419.258
MdcW,2277,5.326,0.722,2780.64,3166.989,0.971,494.747
MdcS,2920,8.63,0.987,3402.209,3608.532,0.97,507.334
BsgW,1961,7.494,0.981,2996.125,3149.587,0.97,320.014
PaglaW,1866,7.397,0.98,3640.46,3833.626,0.966,635.362
DeulW,2102,7.674,0.984,3463.291,3588.985,0.965,361.371
FatulW,2032,6.959,0.96,3433.47,4057.359,0.963,489.369
KrcS,3343,8.733,0.983,4000.149,4524.661,0.959,672.169
DeulS,3459,8.968,0.98,4754.032,4891.253,0.954,363.193
BsbW,2391,4.45,0.614,4228.889,4678.411,0.954,483.605
