Index,Comparison,Difference,p,Significance,LCL,UCL
observed_species,DownstmS - DownstmW,-6.2,0.188,,-15.6638266615277,3.26382666152771
shannon,DownstmS - DownstmW,-2.4,0.6015,,-11.7930515497287,6.9930515497287
simpson,DownstmS - DownstmW,-0.9,0.8572,,-11.1495829122944,9.34958291229435
observed_species,DownstmS - MidstrmS,-10.8,0.0217,*,-19.8609241888538,-1.73907581114621
shannon,DownstmS - MidstrmS,-7.2,0.111,,-16.1931621782629,1.79316217826294
simpson,DownstmS - MidstrmS,-4.38333333333333,0.3643,,-14.1965618567601,5.42989519009343
observed_species,DownstmS - MidstrmW,-7.8,0.088,.,-16.8609241888538,1.26092418885379
shannon,DownstmS - MidstrmW,0.800000000000001,0.8553,,-8.19316217826293,9.79316217826294
simpson,DownstmS - MidstrmW,2.95,0.5394,,-6.86322852342677,12.7632285234268
observed_species,DownstmS - UpstrmS,-17.1333333333333,0.0037,**,-28.0612190745273,-6.20544759213938
shannon,DownstmS - UpstrmS,-15.5333333333333,0.0071,**,-26.3794950148291,-4.68717165183754
simpson,DownstmS - UpstrmS,-11.4666666666667,0.0569,.,-23.3018655736557,0.368532240322399
observed_species,DownstmS - UpstrmW,-3.46666666666667,0.5174,,-14.3945524078606,7.46121907452729
shannon,DownstmS - UpstrmW,-2.2,0.6781,,-13.0461616814958,8.64616168149579
simpson,DownstmS - UpstrmW,-0.966666666666667,0.867,,-12.8018655736557,10.8685322403224
observed_species,DownstmW - MidstrmS,-4.6,0.3038,,-13.6609241888538,4.46092418885379
shannon,DownstmW - MidstrmS,-4.8,0.2803,,-13.7931621782629,4.19316217826293
simpson,DownstmW - MidstrmS,-3.48333333333333,0.4694,,-13.2965618567601,6.32989519009343
observed_species,DownstmW - MidstrmW,-1.6,0.7177,,-10.6609241888538,7.46092418885379
shannon,DownstmW - MidstrmW,3.2,0.4684,,-5.79316217826294,12.1931621782629
simpson,DownstmW - MidstrmW,3.85,0.4246,,-5.96322852342677,13.6632285234268
observed_species,DownstmW - UpstrmS,-10.9333333333333,0.0499,*,-21.8612190745273,-0.00544759213937596
shannon,DownstmW - UpstrmS,-13.1333333333333,0.0199,*,-23.9794950148291,-2.28717165183754
simpson,DownstmW - UpstrmS,-10.5666666666667,0.0776,.,-22.4018655736557,1.2685322403224
observed_species,DownstmW - UpstrmW,2.73333333333333,0.6091,,-8.19455240786062,13.6612190745273
shannon,DownstmW - UpstrmW,0.199999999999999,0.9698,,-10.6461616814958,11.0461616814958
simpson,DownstmW - UpstrmW,-0.0666666666666664,0.9908,,-11.9018655736557,11.7685322403224
observed_species,MidstrmS - MidstrmW,3.0,0.479,,-5.63925223806255,11.6392522380626
shannon,MidstrmS - MidstrmW,8.0,0.066,.,-0.574643695992108,16.5746436959921
simpson,MidstrmS - MidstrmW,7.33333333333333,0.1183,,-2.02321294347185,16.6898796101385
observed_species,MidstrmS - UpstrmS,-6.33333333333333,0.2276,,-16.9142132045588,4.24754653789209
shannon,MidstrmS - UpstrmS,-8.33333333333333,0.114,,-18.8350842240099,2.16841755734322
simpson,MidstrmS - UpstrmS,-7.08333333333334,0.2132,,-18.5427153997886,4.37604873312188
observed_species,MidstrmS - UpstrmW,7.33333333333333,0.1647,,-3.24754653789209,17.9142132045588
shannon,MidstrmS - UpstrmW,5.0,0.3342,,-5.50175089067655,15.5017508906766
simpson,MidstrmS - UpstrmW,3.41666666666667,0.5427,,-8.04271539978855,14.8760487331219
observed_species,MidstrmW - UpstrmS,-9.33333333333333,0.0809,.,-19.9142132045588,1.24754653789209
shannon,MidstrmW - UpstrmS,-16.3333333333333,0.0039,**,-26.8350842240099,-5.83158244265678
simpson,MidstrmW - UpstrmS,-14.4166666666667,0.016,*,-25.8760487331219,-2.95728460021145
observed_species,MidstrmW - UpstrmW,4.33333333333333,0.4048,,-6.24754653789209,14.9142132045588
shannon,MidstrmW - UpstrmW,-3.0,0.5596,,-13.5017508906766,7.50175089067655
simpson,MidstrmW - UpstrmW,-3.91666666666667,0.4859,,-15.3760487331219,7.54271539978855
observed_species,UpstrmS - UpstrmW,13.6666666666667,0.03,*,1.44891898283649,25.8844143504968
shannon,UpstrmS - UpstrmW,13.3333333333333,0.0326,*,1.20695592594433,25.4597107407223
simpson,UpstrmS - UpstrmW,10.5,0.114,,-2.73215464162938,23.7321546416294
