Genus,UpstrmS,MidstrmS,DownstmS,UpstrmW,MidstrmW,DownstmW
Others,0.380419,0.2704,0.292951,0.28716,0.220162,0.255612
Acinetobacter,0.032092,0.009766,0.007894,0.026677,0.060232,0.052728
Anaerovorax,0.001731,0.001824,0.001116,0.010935,0.009532,0.05143
Cloacibacterium,0.005415,0.005655,0.039465,0.059004,0.026613,0.050335
Hydrogenophaga,0.00862,0.00469,0.019368,0.020935,0.013865,0.041423
Prevotella_9,0.000795,0.002023,0.000547,0.014011,0.024525,0.038335
Saccharofermentans,0.000281,0.000567,0.001207,0.003041,0.014309,0.029501
C39,0.001427,0.000848,0.000547,0.121972,0.025894,0.029459
Aquabacterium,0.000936,0.002362,0.001846,0.002246,0.009625,0.026175
Trichlorobacter,0.006292,0.005602,0.005017,0.06443,0.017912,0.024027
Arcobacter,0.000807,0.001567,0.000632,0.004304,0.067003,0.020133
Aeromonas,0.001953,0.007941,0.002498,0.003754,0.011888,0.017129
Sulfuricurvum,0.005778,0.035695,0.04376,0.005918,0.003713,0.01621
Ralstonia,0.002058,0.004222,0.002996,0.003438,0.194525,0.015894
Acidovorax,0.000982,0.001322,0.00141,0.006854,0.005368,0.015228
Pseudomonas,0.000959,0.001129,0.000814,0.005801,0.020993,0.014364
Zoogloea,0.001216,0.001643,0.002365,0.000865,0.00555,0.013424
Comamonas,0.002479,0.001333,0.001495,0.002842,0.018175,0.01261
Enterobacter,0.073576,0.023268,0.011319,0.016678,0.00507,0.009817
Thauera,0.017227,0.011555,0.074776,0.009883,0.007257,0.009768
Novosphingobium,0.007052,0.005479,0.028273,0.052946,0.007123,0.00974
Akkermansia,0.001029,0.000181,0.000463,2.3e-05,0.009614,0.007066
Dechloromonas,0.005216,0.012584,0.004989,0.007263,0.005269,0.006273
Thiovirga,0.000164,0.000374,0.000975,0.001672,0.001614,0.00581
Macellibacteroides,0.003392,0.003608,0.000575,0.015461,0.005766,0.005698
Sulfurospirillum,0.001579,0.000591,0.000309,0.012491,0.003655,0.005424
Escherichia-Shigella,0.000877,0.000661,0.000253,0.001029,0.004158,0.005095
Erysipelothrix,0.000795,0.000415,0.000575,0.00538,0.003474,0.005052
Paludibacter,0.001988,0.03673,0.013333,0.006526,0.00593,0.00473
Thermomonas,0.005298,0.00831,0.020301,0.003053,0.002158,0.004428
Desulfomicrobium,0.011391,0.00345,0.000933,0.008257,0.002199,0.004021
Desulfobacter,0.001509,0.000339,0.00014,0.001649,0.00283,0.003951
Desulfobulbus,0.004304,0.011204,0.011143,0.002304,0.001895,0.003817
Succinivibrio,0.000175,9.9e-05,6.3e-05,0.000608,0.001784,0.00381
Bacteroides,0.001754,0.00483,0.001403,0.007871,0.003093,0.003761
Christensenellaceae_R-7_group,0.004678,0.005316,0.001789,0.011871,0.002281,0.003747
Vogesella,0.000175,9.4e-05,5.6e-05,0.000199,0.001579,0.003705
Candidatus_Soleaferrea,0.000129,0.000117,0.000105,0.000398,0.000749,0.003684
Rhodobacter,0.005006,0.001842,0.011396,0.007181,0.001801,0.003628
Morganella,0.0,0.0,0.0,2.3e-05,6e-06,0.003593
Streptococcus,0.025426,0.00614,0.00254,0.001415,0.008894,0.003382
Desulfovibrio,0.003169,0.001538,0.000337,0.003918,0.002655,0.003298
Smithella,0.009321,0.004281,0.000484,0.000444,0.001076,0.003214
Tolumonas,0.000737,0.000883,0.00026,0.002012,0.003596,0.003151
Sulfurimonas,0.000515,0.002205,0.001151,0.000632,0.000538,0.002758
Faecalibacterium,0.000316,0.000924,0.000154,0.00062,0.001842,0.002695
[Ruminococcus]_torques_group,0.000877,4.7e-05,7.7e-05,0.0,0.002941,0.002596
Aquaspirillum,0.000199,0.000146,4.9e-05,0.000538,0.010269,0.002554
Flavobacterium,0.000643,0.000877,0.000807,0.001871,0.000754,0.002505
Thiobacillus,0.007099,0.031496,0.088916,0.000246,0.00176,0.002491
Megasphaera,0.000199,0.000351,8.4e-05,0.000351,0.002333,0.002316
Uliginosibacterium,0.000222,8.2e-05,0.00014,0.000444,0.000444,0.002288
Brachymonas,0.000456,0.001134,0.00087,0.000901,0.003053,0.002224
Allorhizobium-Neorhizobium-Pararhizobium-Rhizobium,0.001228,0.000778,0.001965,0.001556,0.000509,0.002203
Bact-08,0.000503,0.000287,0.000196,0.00145,0.000912,0.002175
Rivicola,0.000105,0.000567,9.1e-05,0.000374,0.004608,0.002133
Bifidobacterium,0.00055,0.000456,0.000218,0.00117,0.001918,0.002126
Pantoea,0.002035,0.000497,0.000519,0.001216,0.001082,0.00207
Staphylococcus,0.000409,0.000696,7e-05,0.0,2.9e-05,0.002035
Sulfurovum,0.001006,0.003941,0.019262,0.000199,0.003403,0.002
Ileibacterium,0.0,1.8e-05,1.4e-05,0.0,0.000661,0.001895
Propionivibrio,0.000994,0.001351,0.000863,0.002515,0.001053,0.001867
Lachnospiraceae_NK4A136_group,0.006818,0.000947,0.000533,0.000561,0.005047,0.00181
Rhodoferax,3.5e-05,0.000193,8.4e-05,0.000117,0.000246,0.001761
Blautia,0.000596,0.000333,0.000568,0.000211,0.002936,0.001754
Ligilactobacillus,0.001006,0.000158,0.000147,7e-05,0.000953,0.001719
Pseudarcobacter,0.000187,9.4e-05,7e-05,0.002889,0.00352,0.001579
Methylotenera,0.000807,0.001111,0.000225,0.001181,0.001117,0.001579
Formivibrio,0.00062,0.000134,0.000133,0.000678,0.000357,0.001551
Arenimonas,0.001953,0.002234,0.003684,0.005859,0.001047,0.001516
Enhydrobacter,0.000152,0.000503,0.00066,0.001415,0.002105,0.001509
Rhodocyclus,7e-05,6.4e-05,2.1e-05,0.001088,0.001006,0.001488
Lentimicrobium,0.000409,0.000333,0.000218,0.004327,0.001018,0.00146
[Desulfobacterium]_catecholicum_group,0.003169,0.000538,0.000554,0.005099,0.001,0.00141
TC1,0.000292,0.000181,0.000218,0.00076,0.000643,0.001347
Agathobacter,0.000246,0.000304,0.000147,0.000725,0.001292,0.001333
Romboutsia,0.001696,0.000807,0.000246,0.000117,0.001672,0.001319
UCG-002,0.000117,0.000281,7.7e-05,0.000433,0.000626,0.001277
Rheinheimera,5.8e-05,0.000234,8.4e-05,0.000187,0.000304,0.00127
Geothermobacter,0.005333,0.000848,0.000533,0.007111,0.00138,0.001249
Phascolarctobacterium,0.000316,6.4e-05,0.000232,1.2e-05,0.001345,0.0012
Colidextribacter,0.000865,0.000117,0.000702,0.000129,0.002433,0.001193
Prevotella,0.001988,0.000602,0.001326,0.007099,0.000731,0.001165
BSV13,0.001813,0.001129,0.000982,0.000327,0.000602,0.001165
Dialister,0.001567,0.000222,0.000274,0.000515,0.00152,0.001151
Clostridium_sensu_stricto_1,0.000842,0.000462,0.000154,0.000199,0.005672,0.001116
Curvibacter,0.000596,0.00107,0.002849,0.000433,0.000292,0.001109
Enterococcus,0.000211,9.4e-05,2.1e-05,4.7e-05,0.000117,0.001109
Extensimonas,0.000187,0.000427,0.000463,0.000374,0.00117,0.001067
Stenotrophomonas,0.000351,0.000386,0.000618,0.000468,0.000503,0.001032
Pseudoxanthomonas,0.001263,0.000754,0.001817,0.000281,0.000386,0.00101
Mitsuokella,2.3e-05,4.1e-05,3.5e-05,0.000211,0.000749,0.000968
[Eubacterium]_brachy_group,0.003813,0.001936,0.001642,0.000316,0.00052,0.000856
Prevotella_7,0.001684,0.000339,0.001116,0.000702,0.000877,0.000821
Methanosaeta,0.009228,0.0198,0.000337,0.000175,0.002129,0.000793
GKS98_freshwater_group,8.2e-05,4.1e-05,2.1e-05,0.005368,0.001035,0.000793
Turicibacter,4.7e-05,4.1e-05,7e-06,0.0,0.000719,0.000779
Acidaminobacter,0.002058,0.000392,0.00033,0.000807,0.000205,0.000779
Ruminococcus,0.000784,0.000854,0.000161,0.000865,0.000567,0.000758
Desulfatirhabdium,0.001006,0.00031,0.000603,0.000152,0.000327,0.000744
Pannonibacter,1.2e-05,2.9e-05,1.4e-05,9.4e-05,0.000146,0.000737
Subdoligranulum,0.00014,0.000257,4.2e-05,0.000363,0.000538,0.000702
Fusibacter,0.000491,0.000234,0.000288,0.000526,0.000205,0.000702
Selenomonas,0.002491,0.000193,0.001102,0.000175,0.000626,0.000695
Lactobacillus,0.001743,0.000965,6.3e-05,0.0,0.000509,0.000695
Ercella,0.000971,0.000655,0.000218,0.000725,0.000333,0.000681
Cereibacter,0.000444,0.000275,0.001284,0.000491,0.00038,0.000653
Dechlorobacter,5.8e-05,0.000187,4.2e-05,0.000444,0.000749,0.000632
Desulfomonile,0.000246,0.000152,4.2e-05,0.000386,0.000912,0.000603
Lactivibrio,0.000538,0.001684,0.000449,9.4e-05,0.000205,0.000554
Erysipelatoclostridium,0.000246,0.0,2.1e-05,0.0,0.003643,0.00054
Chryseobacterium,7e-05,0.000304,0.000112,0.000398,0.000105,0.00054
Parabacteroides,0.000152,0.000316,9.1e-05,0.000175,0.000421,0.000519
UCG-005,0.000234,0.000316,6.3e-05,0.000444,0.000386,0.000519
Sva0081_sediment_group,0.002479,0.002795,0.000807,0.00062,0.000848,0.000512
Thiothrix,0.000281,0.000111,0.000218,0.000222,0.000398,0.000505
Caulobacter,0.000632,0.000918,0.003586,0.000129,0.00017,0.000505
unidentified_WPS-2,0.000398,9.9e-05,2.8e-05,0.001099,0.000368,0.000498
MND1,0.000807,0.000158,8.4e-05,0.000444,0.00076,0.000491
Parasutterella,0.000316,1.8e-05,0.000196,2.3e-05,0.000708,0.000491
NK4A214_group,0.000585,0.000977,0.000225,0.0054730000000000004,0.000696,0.000491
Acetoanaerobium,0.000199,0.000515,0.000274,0.000281,0.000304,0.000491
Moraxella,0.000152,0.000211,0.000239,0.001403,0.000672,0.000484
TM7a,0.000246,0.000357,0.000505,0.000129,0.000152,0.000484
Alicycliphilus,0.000152,0.003105,0.003389,3.5e-05,0.000164,0.00047
Brevundimonas,0.000678,0.000883,0.001614,0.000468,0.000287,0.000463
Thiomonas,9.4e-05,0.000117,0.00073,0.000117,0.000129,0.000463
Lautropia,0.007356,0.000509,0.002596,0.001228,0.000263,0.000456
Megamonas,1.2e-05,0.000129,7e-06,5.8e-05,0.000246,0.000449
Thermoanaerobaculum,0.001427,0.001,9.8e-05,0.000538,0.001047,0.000435
Rubrivivax,0.001544,0.000357,0.00153,0.000105,0.000246,0.000435
Treponema,0.001649,0.000643,0.000379,0.001474,0.00031,0.000428
Helicobacter,0.000211,9.4e-05,0.000309,0.0,0.001327,0.000421
Hypnocyclicus,8.2e-05,0.000222,0.000119,8.2e-05,0.000269,0.000414
Azospira,3.5e-05,0.000111,2.1e-05,4.7e-05,0.000187,0.000414
Sphingomonas,0.008175,0.000924,0.004372,0.000175,0.000246,0.0004
UCG-004,0.000515,0.000234,0.00014,0.00048,0.000152,0.0004
Alloprevotella,0.000491,0.000152,7.7e-05,0.000281,0.000444,0.000393
unidentified_Lachnospiraceae,0.000211,6e-06,3.5e-05,0.0,0.000784,0.000386
Shewanella,0.000503,0.015871,0.00654,0.00255,8.8e-05,0.000379
Alistipes,0.000152,0.000181,2.1e-05,3.5e-05,0.001784,0.000365
Sporobacter,3.5e-05,1.8e-05,1.4e-05,0.00014,0.00014,0.000365
unidentified_Synergistaceae,0.000164,0.000433,0.000189,7e-05,0.000164,0.000358
Paludibaculum,0.000468,0.000468,0.000295,0.000105,0.000392,0.000351
Macromonas,5.8e-05,1.2e-05,0.0,0.000971,0.000333,0.000351
Cavicella,0.000351,0.000561,0.000498,0.000129,0.000199,0.000344
Aquimonas,0.000526,9.9e-05,0.000204,0.000327,9.9e-05,0.000344
Desulfatiglans,0.001672,0.00062,7.7e-05,0.000596,0.000672,0.000337
Sphingobacterium,0.000164,8.2e-05,7e-05,0.00069,0.000129,0.000337
Cellvibrio,0.000105,0.0,0.000105,2.3e-05,8.8e-05,0.000337
[Eubacterium]_fissicatena_group,7e-05,0.0,0.000196,0.0,0.000544,0.00033
Methyloparacoccus,0.000246,0.000222,3.5e-05,0.000912,0.000339,0.00033
Providencia,0.0,1.8e-05,7e-06,3.5e-05,4.7e-05,0.00033
Ferribacterium,9.4e-05,5.3e-05,1.4e-05,0.000374,0.000211,0.000323
Anaeromusa-Anaeroarcus,1.2e-05,0.00024,3.5e-05,0.000234,0.00038,0.000316
Roseomonas,0.001205,0.001322,0.001319,0.002959,0.000357,0.000316
Syntrophus,0.005742,0.004327,0.000828,0.000152,0.000199,0.000316
Roseburia,0.000304,0.000117,3.5e-05,0.000117,0.000409,0.000309
Veillonella,0.002702,0.000474,0.001853,0.000117,0.000585,0.000302
Allobaculum,0.0,6e-06,0.0,0.0,0.00014,0.000302
unidentified_Prolixibacteraceae,2.3e-05,3.5e-05,2.8e-05,0.000363,7.6e-05,0.000302
Collinsella,0.00014,0.000129,6.3e-05,0.000164,0.000368,0.000295
Ellin6067,0.002526,0.001474,0.007656,0.000327,0.000766,0.000288
Empedobacter,3.5e-05,0.0,4.2e-05,0.000105,2.3e-05,0.000288
Coprobacillus,4.7e-05,0.000333,2.8e-05,0.0,0.000386,0.000281
Chitinivorax,0.0,4.7e-05,4.9e-05,0.0,0.000146,0.000281
Enterorhabdus,0.000339,7.6e-05,4.2e-05,0.0,0.000526,0.000274
Candidatus_Dichloromethanomonas,4.7e-05,0.0,7e-06,0.000749,0.000134,0.000274
Sh765B-TzT-35,0.014269,0.001433,0.000477,0.000152,0.000327,0.00026
Roseimarinus,0.000164,0.001702,0.00127,0.000596,0.000152,0.00026
Anaeromyxobacter,0.006386,0.001526,0.002224,0.000211,0.000661,0.000253
unidentified_Chloroplast,0.00076,0.00045,9.8e-05,0.000468,0.001053,0.000246
Limosilactobacillus,0.000784,0.00031,5.6e-05,0.0,0.000345,0.000246
Weissella,2.3e-05,1.2e-05,1.4e-05,9.4e-05,4.1e-05,0.000246
Anaerovibrio,0.0,4.7e-05,2.1e-05,7e-05,0.000269,0.000239
Alkanindiges,3.5e-05,9.9e-05,0.000351,7e-05,0.000257,0.000239
Laribacter,0.0,2.3e-05,0.0,0.000211,0.00024,0.000239
Ramlibacter,9.4e-05,0.000187,0.000133,0.001614,8.2e-05,0.000239
Coxiella,0.000257,0.001708,0.001516,5.8e-05,0.000193,0.000232
[Eubacterium]_ruminantium_group,0.000117,1.2e-05,0.0,0.000129,0.00031,0.000225
unidentified_Bacteria,0.000994,0.000152,7.7e-05,0.000316,0.000263,0.000225
Sphaerotilus,0.0,2.3e-05,2.1e-05,4.7e-05,0.000222,0.000225
Candidatus_Competibacter,0.002561,0.004725,0.007937,2.3e-05,0.000216,0.000225
Ideonella,0.002164,0.000608,0.002891,0.000152,0.000146,0.000225
Candidatus_Saccharimonas,0.000351,5.8e-05,2.1e-05,0.000339,9.4e-05,0.000225
Methylomicrobium,0.000117,0.000281,6.3e-05,0.000187,0.000246,0.000218
Rikenellaceae_RC9_gut_group,0.000187,0.000105,1.4e-05,0.006035,0.000427,0.000211
Desulfobacca,0.001684,0.000398,3.5e-05,0.000339,0.000421,0.000204
Soehngenia,0.000164,0.000409,7.7e-05,0.000608,0.000281,0.000204
Phenylobacterium,0.001146,0.002187,0.009908,0.000117,0.000181,0.000204
[Eubacterium]_eligens_group,2.3e-05,2.9e-05,1.4e-05,0.000152,0.000111,0.000204
Niveispirillum,1.2e-05,1.2e-05,1.4e-05,0.0,4.7e-05,0.000204
GCA-900066575,0.000491,2.9e-05,0.000112,3.5e-05,0.000643,0.000196
Defluviitaleaceae_UCG-011,0.000222,1.2e-05,4.9e-05,1.2e-05,0.00048,0.000196
Desulfatiferula,0.000409,0.000111,9.8e-05,0.000444,0.000152,0.000196
Dehalobacterium,0.0,0.0,0.0,4.7e-05,9.9e-05,0.000196
Hydrogenoanaerobacterium,0.0,6e-06,1.4e-05,9.4e-05,8.8e-05,0.000196
Lachnospiraceae_UCG-006,0.000175,2.9e-05,2.8e-05,7e-05,0.000199,0.000189
Ignavibacterium,0.000117,0.000725,3.5e-05,0.000117,0.000181,0.000189
Oscillibacter,0.000292,8.8e-05,0.000154,3.5e-05,0.000427,0.000182
Methanospirillum,0.000632,0.000778,4.2e-05,8.2e-05,0.000298,0.000182
Acetitomaculum,2.3e-05,0.000193,5.6e-05,0.000211,0.000251,0.000175
Massilia,9.4e-05,0.000427,0.000295,0.000211,0.000175,0.000175
Acetanaerobacterium,5.8e-05,0.0,0.0,0.000129,0.000111,0.000175
WCHB1-32,9.4e-05,9.4e-05,1.4e-05,0.000877,0.000105,0.000175
Azonexus,0.000117,8.2e-05,1.4e-05,0.000491,8.8e-05,0.000175
Demequina,0.000374,5.3e-05,0.000232,9.4e-05,4.1e-05,0.000175
unidentified_WCHB1-41,4.7e-05,3.5e-05,4.2e-05,0.000292,0.000181,0.000168
Sphingorhabdus,0.001193,0.000608,0.004709,0.000316,7e-05,0.000168
Proteocatella,0.000117,0.000333,9.8e-05,0.000117,5.8e-05,0.000168
Asticcacaulis,3.5e-05,0.0,4.9e-05,0.0,5.8e-05,0.000168
Bilophila,0.0,5.3e-05,2.1e-05,0.0,5.3e-05,0.000168
HN-HF0106,0.000596,0.00024,4.2e-05,0.000164,3.5e-05,0.000168
CHKCI001,0.0,3.5e-05,0.0,1.2e-05,0.0,0.000168
Odoribacter,0.0,2.3e-05,0.0,0.0,0.001784,0.000161
GOUTA6,0.000316,1.2e-05,7e-06,7e-05,0.000316,0.000161
Flavonifractor,0.0,2.3e-05,7e-06,1.2e-05,0.000187,0.000161
Alkalibacter,7e-05,2.9e-05,6.3e-05,0.000304,0.000152,0.000161
Sutterella,9.4e-05,2.9e-05,1.4e-05,8.2e-05,0.000129,0.000161
Endomicrobium,0.000129,0.000234,0.000105,5.8e-05,0.000123,0.000161
Lysobacter,0.000211,0.000322,0.000512,3.5e-05,9.4e-05,0.000161
Geothrix,0.001181,0.003561,0.023655,4.7e-05,8.2e-05,0.000161
Novispirillum,0.0,1.2e-05,0.0,1.2e-05,5.8e-05,0.000161
Serratia,0.0,5.3e-05,3.5e-05,0.0,6e-06,0.000161
Paracoccus,0.000772,0.009368,0.001895,0.002292,0.000105,0.000154
Perlucidibaca,5.8e-05,2.3e-05,0.000281,1.2e-05,9.9e-05,0.000154
Psychrobacter,3.5e-05,5.8e-05,4.2e-05,0.000912,2.9e-05,0.000147
Sulfuritortus,0.000129,0.000123,0.000716,0.0,1.8e-05,0.000147
Aminobacter,4.7e-05,4.1e-05,7e-06,0.0,6e-06,0.000147
unidentified_Thermodesulfovibrionia,0.001497,0.000667,7e-06,0.000199,0.000316,0.00014
Blvii28_wastewater-sludge_group,0.001895,0.000532,9.1e-05,5.8e-05,9.9e-05,0.00014
dgA-11_gut_group,0.0,5.3e-05,7e-06,7e-05,9.4e-05,0.00014
Proteiniclasticum,0.000503,0.000982,0.000323,0.000175,8.2e-05,0.00014
Deferrisoma,0.003134,0.00052,0.000105,0.000175,0.000263,0.000133
Coprococcus,3.5e-05,4.7e-05,2.1e-05,0.000129,0.000129,0.000133
Desulfurispora,0.0,1.2e-05,7e-06,3.5e-05,0.000105,0.000133
[Clostridium]_innocuum_group,5.8e-05,0.0,0.0,0.0,0.000105,0.000133
unidentified_Enterobacterales,7e-05,5.3e-05,4.9e-05,0.00131,9.9e-05,0.000133
Dubosiella,0.001403,6.4e-05,6.3e-05,0.0,4.7e-05,0.000133
Devosia,0.000632,0.000181,0.00066,0.000175,3.5e-05,0.000133
Azospirillum,1.2e-05,7e-05,2.1e-05,0.000164,3.5e-05,0.000133
Herbaspirillum,1.2e-05,1.2e-05,1.4e-05,3.5e-05,2.9e-05,0.000133
Cupriavidus,0.000316,0.00024,0.000189,0.0,1.8e-05,0.000133
Catenibacterium,7e-05,0.000146,7.7e-05,7e-05,0.000211,0.000126
Faecalitalea,5.8e-05,0.0,0.0,0.0,0.000205,0.000126
DMER64,0.000152,0.000193,4.9e-05,0.00014,0.000105,0.000126
Aminomonas,4.7e-05,0.000117,2.8e-05,7e-05,7.6e-05,0.000126
Desulforegula,0.000187,5.3e-05,1.4e-05,2.3e-05,4.7e-05,0.000126
Inhella,1.2e-05,0.0,7e-06,3.5e-05,3.5e-05,0.000126
Lachnoclostridium,0.000211,1.8e-05,4.9e-05,4.7e-05,0.000895,0.000119
OLB12,0.000187,6e-06,0.000161,4.7e-05,0.000374,0.000119
CL500-29_marine_group,0.000339,6.4e-05,0.00026,0.000491,0.000111,0.000119
Oribacterium,0.000433,4.7e-05,0.000147,3.5e-05,0.000105,0.000119
JGI-0000079-D21,0.000772,0.001129,0.000674,4.7e-05,8.8e-05,0.000119
Desulfoprunum,0.003064,0.005877,0.032792,5.8e-05,8.2e-05,0.000119
Corynebacterium,0.002772,0.000327,0.002744,4.7e-05,3.5e-05,0.000119
Sedimentibacter,2.3e-05,1.8e-05,0.0,0.00014,2.3e-05,0.000119
Halothiobacillus,5.8e-05,0.000181,0.000765,0.0,2.3e-05,0.000119
Crenothrix,2.3e-05,0.003485,0.000211,0.000105,0.000205,0.000112
Aquicella,0.00014,0.000883,0.000161,0.000117,0.00014,0.000112
Anaerocella,3.5e-05,4.7e-05,7e-06,0.000199,7.6e-05,0.000112
Dysgonomonas,0.000234,0.005187,0.003053,0.002047,2.9e-05,0.000112
oc32,0.000117,3.5e-05,0.000119,7e-05,0.000187,0.000105
hgcI_clade,2.3e-05,1.2e-05,7e-06,0.000959,0.000164,0.000105
Butyrivibrio,0.0,4.7e-05,1.4e-05,0.000222,9.4e-05,0.000105
Desulforhopalus,0.001216,0.000222,0.000288,0.000982,7e-05,0.000105
Dickeya,0.0,0.0,7e-06,5.8e-05,6.4e-05,0.000105
Fibrobacter,2.3e-05,0.0,0.0,7e-05,4.7e-05,0.000105
Acetobacter,0.0,2.3e-05,7e-06,0.0,2.9e-05,0.000105
unidentified_Rikenellaceae,7e-05,1.2e-05,7e-06,0.000117,1.8e-05,0.000105
Pseudochrobactrum,0.000152,9.9e-05,0.00014,3.5e-05,1.8e-05,0.000105
Syner-01,0.000164,0.000351,0.000175,7e-05,1.2e-05,0.000105
Haliangium,0.001298,0.00045,0.000316,0.000129,0.000257,9.8e-05
SCGC-AB-539-J10,0.000175,0.0,0.0,0.000105,0.000129,9.8e-05
Butyricicoccus,1.2e-05,4.7e-05,0.0,2.3e-05,7.6e-05,9.8e-05
Insolitispirillum,1.2e-05,0.0,0.0,2.3e-05,7.6e-05,9.8e-05
Aurantimicrobium,0.000152,4.7e-05,0.000119,0.000304,7e-05,9.8e-05
Achromobacter,7e-05,0.000105,2.1e-05,7e-05,6.4e-05,9.8e-05
Holophaga,0.000444,0.000702,0.00014,1.2e-05,5.3e-05,9.8e-05
Candidatus_Aquiluna,7e-05,2.3e-05,0.0,0.001333,0.000205,9.1e-05
Lachnospira,3.5e-05,3.5e-05,0.0,0.000152,0.000146,9.1e-05
Methanolinea,0.000842,0.003333,6.3e-05,9.4e-05,0.000105,9.1e-05
[Cytophaga]_xylanolytica_group,0.000187,0.000234,0.000105,4.7e-05,6.4e-05,9.1e-05
Pleomorphomonas,3.5e-05,7.6e-05,4.9e-05,4.7e-05,6.4e-05,9.1e-05
unidentified_Gracilibacteria,7e-05,0.0,0.000211,1.2e-05,4.1e-05,9.1e-05
UBA1819,0.000129,6e-06,0.0,0.0,1.8e-05,9.1e-05
Gaiella,0.000199,3.5e-05,7.7e-05,4.7e-05,0.000181,8.4e-05
Faecalibaculum,0.001216,2.3e-05,0.000267,0.0,0.00014,8.4e-05
Lachnospiraceae_NK3A20_group,0.0,1.2e-05,1.4e-05,8.2e-05,9.9e-05,8.4e-05
Thermovirga,0.000292,0.000123,6.3e-05,0.0,6.4e-05,8.4e-05
Monoglobus,0.000374,5.8e-05,4.2e-05,5.8e-05,5.8e-05,8.4e-05
unidentified_Hungateiclostridiaceae,2.3e-05,1.8e-05,0.0,0.0,1.8e-05,8.4e-05
Shuttleworthia,1.2e-05,3.5e-05,1.4e-05,4.7e-05,1.2e-05,8.4e-05
Sphingopyxis,0.000304,0.000275,0.002302,7e-05,6e-06,8.4e-05
Ignatzschineria,0.0,4.1e-05,3.5e-05,0.0,6e-06,8.4e-05
Anaerotruncus,7e-05,2.3e-05,2.8e-05,0.0,0.000187,7.7e-05
Subgroup_10,0.000292,0.00507,0.000323,9.4e-05,0.00014,7.7e-05
Methylomonas,0.000971,0.000941,0.00026,9.4e-05,0.00014,7.7e-05
Halomonas,0.000211,0.003444,0.000772,2.3e-05,5.8e-05,7.7e-05
Intestinibacter,4.7e-05,3.5e-05,1.4e-05,2.3e-05,4.7e-05,7.7e-05
DEV114,0.000105,6e-06,0.0,0.000257,4.1e-05,7.7e-05
Propionicimonas,9.4e-05,0.000134,0.000274,2.3e-05,0.000175,7e-05
Luteolibacter,0.001041,7e-05,0.000295,0.000433,0.000152,7e-05
Methylobacterium-Methylorubrum,0.004678,0.001544,0.001642,0.000199,0.000123,7e-05
Dongia,0.000117,0.000871,0.000316,5.8e-05,0.000117,7e-05
Brooklawnia,0.000175,0.000825,0.000239,2.3e-05,0.000105,7e-05
Porphyrobacter,0.00048,5.8e-05,0.000112,0.001181,9.4e-05,7e-05
Methylocystis,0.000269,0.00024,0.001165,0.000374,9.4e-05,7e-05
ADurb.Bin063-1,0.001591,0.001298,2.1e-05,4.7e-05,7.6e-05,7e-05
Niveibacterium,0.0,2.3e-05,4.9e-05,3.5e-05,7e-05,7e-05
Syntrophorhabdus,0.003251,0.00255,0.000302,5.8e-05,6.4e-05,7e-05
Fluviicola,7e-05,5.8e-05,4.2e-05,0.00014,5.3e-05,7e-05
Cronobacter,0.0,0.0,0.0,0.0,2.9e-05,7e-05
Duganella,0.0,0.000678,0.0,0.0,1.2e-05,7e-05
Vibrio,0.000444,0.010684,0.004231,0.000105,0.0,7e-05
Aquitalea,0.0,0.0,7e-06,0.0,0.0,7e-05
Lactococcus,1.2e-05,3.5e-05,5.6e-05,1.2e-05,6.4e-05,6.3e-05
Dyella,0.000105,0.000257,0.0004,0.0,6.4e-05,6.3e-05
Acholeplasma,7e-05,1.8e-05,2.8e-05,1.2e-05,5.8e-05,6.3e-05
UCG-003,1.2e-05,1.2e-05,2.8e-05,5.8e-05,5.3e-05,6.3e-05
Propionispira,1.2e-05,9.4e-05,7e-06,2.3e-05,5.3e-05,6.3e-05
UKL13-1,1.2e-05,1.8e-05,4.9e-05,7e-05,4.1e-05,6.3e-05
Bacteriovorax,3.5e-05,0.000134,9.8e-05,1.2e-05,4.1e-05,6.3e-05
Neochlamydia,2.3e-05,3.5e-05,0.0,0.0,4.1e-05,6.3e-05
TPD-58,0.000655,0.006327,0.000393,2.3e-05,3.5e-05,6.3e-05
Candidatus_Solibacter,0.000433,0.00017,3.5e-05,1.2e-05,2.9e-05,6.3e-05
GWE2-42-42,1.2e-05,5.3e-05,3.5e-05,0.0,2.3e-05,6.3e-05
Chitinimonas,2.3e-05,6e-06,1.4e-05,0.0,2.3e-05,6.3e-05
Delftia,1.2e-05,6e-06,2.1e-05,4.7e-05,1.8e-05,6.3e-05
Anaerofustis,3.5e-05,2.3e-05,1.4e-05,1.2e-05,1.2e-05,6.3e-05
Ancalomicrobium,1.2e-05,0.0,0.0,0.0,6e-06,6.3e-05
Sulfuritalea,0.001427,0.001064,0.001726,8.2e-05,0.000199,5.6e-05
Luteitalea,0.000175,0.000117,0.000309,7e-05,0.000187,5.6e-05
Georgenia,0.000573,0.004807,0.007501,0.0,0.000117,5.6e-05
Anaerosinus,2.3e-05,2.3e-05,7e-06,3.5e-05,0.000105,5.6e-05
[Eubacterium]_xylanophilum_group,0.000713,6.4e-05,4.9e-05,0.0,9.9e-05,5.6e-05
Microbacterium,0.000211,0.000439,0.000204,0.000152,9.4e-05,5.6e-05
Amaricoccus,0.0,4.1e-05,4.9e-05,0.000421,7e-05,5.6e-05
Variovorax,0.000105,0.00014,0.000196,0.000187,6.4e-05,5.6e-05
Cyanobium_PCC-6307,4.7e-05,0.0,0.0,0.00069,5.8e-05,5.6e-05
Candidatus_Methylospira,0.0,0.0,0.0,5.8e-05,5.8e-05,5.6e-05
Haemophilus,0.006269,5.3e-05,0.000119,9.4e-05,5.3e-05,5.6e-05
Cetobacterium,0.0,0.0,0.0,0.0,3.5e-05,5.6e-05
Xanthobacter,3.5e-05,2.3e-05,1.4e-05,8.2e-05,2.3e-05,5.6e-05
Flavihumibacter,0.000737,0.00031,0.000968,2.3e-05,2.3e-05,5.6e-05
Asteroleplasma,0.0,0.0,0.0,1.2e-05,1.8e-05,5.6e-05
Burkholderia-Caballeronia-Paraburkholderia,3.5e-05,0.000292,4.9e-05,4.7e-05,6e-06,5.6e-05
Wohlfahrtiimonas,0.0,1.2e-05,2.8e-05,1.2e-05,6e-06,5.6e-05
Bacillus,0.00938,0.151211,0.000449,0.000468,0.000386,4.9e-05
Aurantisolimonas,2.3e-05,1.8e-05,0.000302,7e-05,0.000304,4.9e-05
Olsenella,0.000199,0.000175,0.000154,0.000187,0.000222,4.9e-05
Limnobacter,0.000877,0.001924,0.003965,0.000105,0.000175,4.9e-05
Spirochaeta,0.00214,0.000614,8.4e-05,5.8e-05,0.000158,4.9e-05
[Eubacterium]_nodatum_group,0.000503,5.8e-05,4.2e-05,2.3e-05,0.00014,4.9e-05
Actinotalea,0.000234,0.000509,0.00221,5.8e-05,7e-05,4.9e-05
Calorithrix,2.3e-05,0.0,0.0,4.7e-05,7e-05,4.9e-05
Saccharibacillus,0.0,0.0,7e-06,0.0,7e-05,4.9e-05
Bdellovibrio,0.000117,7.6e-05,0.000372,2.3e-05,4.1e-05,4.9e-05
Sumerlaea,0.000211,4.1e-05,2.1e-05,5.8e-05,3.5e-05,4.9e-05
Elusimicrobium,0.0,6e-06,0.0,1.2e-05,2.9e-05,4.9e-05
Caldisericum,0.000678,0.003865,0.000182,5.8e-05,2.3e-05,4.9e-05
Lacibacter,5.8e-05,2.9e-05,1.4e-05,8.2e-05,1.2e-05,4.9e-05
Spirillum,0.0,0.0,0.0,0.0,1.2e-05,4.9e-05
Kosakonia,0.0,6e-06,0.0,3.5e-05,6e-06,4.9e-05
Elstera,0.0,0.0,0.0,0.0,6e-06,4.9e-05
Oceanobacter,0.0,6e-06,0.0,1.2e-05,0.0,4.9e-05
Propioniciclava,0.00014,0.000503,0.000323,0.0,0.000158,4.2e-05
Atopobium,0.000632,0.000912,0.000239,4.7e-05,0.00014,4.2e-05
RBG-16-49-21,0.001287,0.000807,7.7e-05,7e-05,0.000123,4.2e-05
Phaselicystis,0.000421,0.00024,4.9e-05,0.0,0.000105,4.2e-05
Subgroup_23,0.000327,0.001029,9.1e-05,5.8e-05,8.2e-05,4.2e-05
Polynucleobacter,5.8e-05,3.5e-05,2.1e-05,0.00083,7e-05,4.2e-05
Harryflintia,2.3e-05,6e-06,7e-06,0.0,7e-05,4.2e-05
Fusicatenibacter,1.2e-05,1.8e-05,9.8e-05,7e-05,5.3e-05,4.2e-05
Hyphomicrobium,0.000398,0.000205,0.000533,5.8e-05,5.3e-05,4.2e-05
Sporomusa,4.7e-05,0.0,0.0,1.2e-05,4.1e-05,4.2e-05
Silanimonas,4.7e-05,6e-06,4.2e-05,0.000117,3.5e-05,4.2e-05
Methylogaea,0.0,0.0,0.0,4.7e-05,2.9e-05,4.2e-05
Proteus,0.0,6e-06,0.0,1.2e-05,2.9e-05,4.2e-05
Christensenella,0.0,0.0,7e-06,0.0,1.8e-05,4.2e-05
Anaerospora,0.0,0.0,0.0,0.000129,1.2e-05,4.2e-05
Family_XIII_UCG-001,3.5e-05,6e-06,0.0,2.3e-05,1.2e-05,4.2e-05
Permianibacter,1.2e-05,0.0,0.0,0.0,1.2e-05,4.2e-05
Marmoricola,1.2e-05,0.000105,0.000267,0.0,6e-06,4.2e-05
Cellulomonas,3.5e-05,1.8e-05,2.8e-05,7e-05,0.0,4.2e-05
Trichloromonas,0.000269,0.001462,0.002912,0.0,0.0,4.2e-05
Lysinibacillus,3.5e-05,0.0,1.4e-05,0.0,0.0,4.2e-05
Epulopiscium,0.0,2.9e-05,0.0,0.0,0.0,4.2e-05
Gluconobacter,0.0,0.0,0.0,0.0,0.0,4.2e-05
Intestinimonas,7e-05,2.9e-05,2.1e-05,7e-05,0.00086,3.5e-05
Bryobacter,0.000386,0.000117,0.000253,1.2e-05,0.00014,3.5e-05
Acidibacter,0.0,9.9e-05,3.5e-05,7e-05,8.8e-05,3.5e-05
RBG-16-58-14,0.000585,0.000129,2.8e-05,5.8e-05,8.8e-05,3.5e-05
Sulfurifustis,0.000772,0.000246,0.000498,8.2e-05,7.6e-05,3.5e-05
Sulfuricella,4.7e-05,0.000836,7e-06,2.3e-05,7.6e-05,3.5e-05
Plasticicumulans,0.0,6e-06,1.4e-05,0.0,5.3e-05,3.5e-05
UCG-009,0.000105,7e-05,0.0,8.2e-05,4.7e-05,3.5e-05
Acetobacterium,2.3e-05,1.2e-05,0.0,4.7e-05,4.7e-05,3.5e-05
Sediminibacterium,4.7e-05,0.0,1.4e-05,8.2e-05,3.5e-05,3.5e-05
Negativibacillus,1.2e-05,0.0,7e-06,3.5e-05,3.5e-05,3.5e-05
Z114MB74,1.2e-05,0.0,0.0,2.3e-05,3.5e-05,3.5e-05
Thiocystis,4.7e-05,0.0,1.4e-05,0.0,3.5e-05,3.5e-05
Altererythrobacter,0.000164,9.9e-05,0.000211,8.2e-05,2.9e-05,3.5e-05
Piscinibacter,0.000515,0.000386,0.00054,2.3e-05,2.9e-05,3.5e-05
Desulfococcus,0.000257,0.000134,0.000498,4.7e-05,1.8e-05,3.5e-05
Sphingobium,4.7e-05,0.000199,0.000274,0.0,1.8e-05,3.5e-05
Methyloterricola,0.0,4.1e-05,1.4e-05,0.0,1.8e-05,3.5e-05
unidentified_Bacteroidetes_BD2-2,3.5e-05,3.5e-05,0.0,0.0,1.8e-05,3.5e-05
Draconibacterium,3.5e-05,2.3e-05,7e-06,1.2e-05,1.2e-05,3.5e-05
SN8,0.0,2.3e-05,0.0,0.0,1.2e-05,3.5e-05
Lachnotalea,5.8e-05,3.5e-05,4.9e-05,2.3e-05,6e-06,3.5e-05
unidentified_Saccharimonadales,0.00048,1.2e-05,2.8e-05,1.2e-05,6e-06,3.5e-05
Nocardioides,3.5e-05,0.000187,0.000309,0.0,6e-06,3.5e-05
Dietzia,1.2e-05,6e-06,2.8e-05,0.0,6e-06,3.5e-05
Thiolamprovum,1.2e-05,6e-06,0.0,9.4e-05,0.0,3.5e-05
Mucispirillum,2.3e-05,0.0,0.000281,0.0,0.000836,2.8e-05
Pajaroellobacter,7e-05,0.000111,2.8e-05,7e-05,0.000193,2.8e-05
SWB02,0.000257,4.7e-05,0.000112,1.2e-05,0.000134,2.8e-05
Senegalimassilia,3.5e-05,1.8e-05,7e-06,7e-05,0.000123,2.8e-05
Sideroxydans,0.000292,0.001602,0.000154,3.5e-05,0.000111,2.8e-05
Anaerolinea,0.003181,0.001602,0.000589,8.2e-05,9.4e-05,2.8e-05
Holdemanella,0.0,2.3e-05,0.0,4.7e-05,8.2e-05,2.8e-05
Lachnospiraceae_UCG-004,3.5e-05,1.2e-05,1.4e-05,1.2e-05,7e-05,2.8e-05
Tessaracoccus,1.2e-05,0.000181,0.000119,0.0,6.4e-05,2.8e-05
Bosea,0.000199,0.000111,0.000554,3.5e-05,5.8e-05,2.8e-05
Coriobacteriaceae_UCG-002,0.00014,1.2e-05,3.5e-05,0.0,5.8e-05,2.8e-05
Uruburuella,0.0,7e-05,1.4e-05,0.0,5.8e-05,2.8e-05
Chlorobium,0.000456,9.9e-05,0.0,0.003672,5.3e-05,2.8e-05
Family_XIII_AD3011_group,3.5e-05,7e-05,2.1e-05,0.000222,4.7e-05,2.8e-05
[Eubacterium]_siraeum_group,1.2e-05,2.9e-05,0.0,1.2e-05,4.7e-05,2.8e-05
Schwartzia,1.2e-05,1.2e-05,0.0,0.0,4.1e-05,2.8e-05
GWE2-31-10,0.0,1.8e-05,0.0,0.0,3.5e-05,2.8e-05
Allochromatium,4.7e-05,3.5e-05,0.0,0.001427,2.9e-05,2.8e-05
Mesorhizobium,0.000456,0.001082,0.000589,0.000351,2.9e-05,2.8e-05
Lacunisphaera,7e-05,2.9e-05,1.4e-05,2.3e-05,2.9e-05,2.8e-05
Candidatus_Moduliflexus,0.000187,8.2e-05,7e-06,0.0,2.9e-05,2.8e-05
Prevotellaceae_NK3B31_group,0.000222,2.9e-05,0.0,0.003216,1.8e-05,2.8e-05
Ruminobacter,2.3e-05,1.2e-05,1.4e-05,0.00048,1.8e-05,2.8e-05
Alsobacter,0.0,0.0,0.0,0.000351,1.8e-05,2.8e-05
DEV008,8.2e-05,4.1e-05,7e-06,8.2e-05,1.8e-05,2.8e-05
Legionella,0.000117,0.000187,3.5e-05,4.7e-05,1.8e-05,2.8e-05
Longilinea,0.000947,0.000719,0.000147,1.2e-05,1.8e-05,2.8e-05
Parvibacter,0.000164,0.0,2.1e-05,0.0,1.8e-05,2.8e-05
unidentified_BSV26,0.000269,7e-05,1.4e-05,0.0,1.8e-05,2.8e-05
Vitreoscilla,0.0,6e-06,1.4e-05,0.0,1.8e-05,2.8e-05
Williamwhitmania,1.2e-05,3.5e-05,7e-06,0.0,1.8e-05,2.8e-05
Succiniclasticum,0.0,0.0,0.0,0.000795,1.2e-05,2.8e-05
Bradyrhizobium,0.000327,0.003246,0.001039,0.000596,1.2e-05,2.8e-05
Desulfofustis,0.000269,4.1e-05,7e-06,0.000316,1.2e-05,2.8e-05
Libanicoccus,3.5e-05,3.5e-05,2.8e-05,0.0,1.2e-05,2.8e-05
Oblitimonas,1.2e-05,0.0,1.4e-05,0.0,1.2e-05,2.8e-05
Sphaerochaeta,2.3e-05,1.8e-05,0.0,0.000444,6e-06,2.8e-05
Rhizobacter,4.7e-05,8.2e-05,0.000168,2.3e-05,6e-06,2.8e-05
unidentified_Solimonadaceae,0.0,0.000187,0.000533,0.0,6e-06,2.8e-05
Butyricimonas,0.0,4.1e-05,0.0,0.0,6e-06,2.8e-05
Fournierella,0.0,0.0,0.0,0.0,6e-06,2.8e-05
Tepidiphilus,2.3e-05,0.0,1.4e-05,3.5e-05,0.0,2.8e-05
Candidatus_Contendobacter,0.0,2.3e-05,0.0,0.0,0.0,2.8e-05
CI75cm.2.12,0.000573,0.001719,0.000246,0.000105,0.000158,2.1e-05
Rhodoluna,7e-05,1.2e-05,0.0,0.000912,0.00014,2.1e-05
Solobacterium,5.8e-05,4.1e-05,1.4e-05,5.8e-05,8.8e-05,2.1e-05
Acetobacteroides,0.000351,0.000158,1.4e-05,1.2e-05,7.6e-05,2.1e-05
Succinispira,0.0,1.2e-05,7e-06,0.0,6.4e-05,2.1e-05
Syntrophobacter,0.000327,0.000339,4.2e-05,1.2e-05,5.8e-05,2.1e-05
DSSD61,0.0,0.0,0.0,1.2e-05,5.8e-05,2.1e-05
Candidatus_Arthromitus,0.0,5.3e-05,7e-05,0.0,5.8e-05,2.1e-05
Dinghuibacter,4.7e-05,1.8e-05,1.4e-05,2.3e-05,5.3e-05,2.1e-05
unidentified_Sporomusaceae,0.0,6e-06,0.0,5.8e-05,4.7e-05,2.1e-05
mle1-7,5.8e-05,9.4e-05,9.8e-05,3.5e-05,4.7e-05,2.1e-05
Gemmatimonas,0.00062,9.9e-05,7.7e-05,2.3e-05,4.7e-05,2.1e-05
Neisseria,0.008257,1.2e-05,0.000547,1.2e-05,4.7e-05,2.1e-05
Iamia,9.4e-05,4.7e-05,5.6e-05,5.8e-05,4.1e-05,2.1e-05
Cutibacterium,8.2e-05,0.000181,0.000288,3.5e-05,4.1e-05,2.1e-05
Coriobacteriaceae_UCG-003,1.2e-05,1.8e-05,0.0,2.3e-05,4.1e-05,2.1e-05
Nitrosomonas,0.000211,0.000596,0.000407,1.2e-05,4.1e-05,2.1e-05
Aeromicrobium,1.2e-05,1.8e-05,1.4e-05,0.000281,3.5e-05,2.1e-05
Desulfovirga,0.000433,4.7e-05,3.5e-05,0.0,3.5e-05,2.1e-05
Gordonibacter,1.2e-05,0.0,7e-06,0.0,3.5e-05,2.1e-05
Geobacter,0.000854,0.001251,0.001018,9.4e-05,2.9e-05,2.1e-05
Ahniella,0.000444,0.000246,0.00014,9.4e-05,2.9e-05,2.1e-05
unidentified_Babeliales,5.8e-05,4.7e-05,7e-06,1.2e-05,2.9e-05,2.1e-05
OM60(NOR5)_clade,5.8e-05,3.5e-05,0.0,0.0,2.9e-05,2.1e-05
Dyadobacter,2.3e-05,1.2e-05,7e-06,2.3e-05,2.3e-05,2.1e-05
Chitinilyticum,0.0,0.0,0.0,1.2e-05,2.3e-05,2.1e-05
Hyphomonas,0.000129,0.0,2.1e-05,0.0,2.3e-05,2.1e-05
Candidatus_Omnitrophus,8.2e-05,2.9e-05,0.0,0.0,2.3e-05,2.1e-05
Microvirgula,0.0,0.0,0.0,0.0,2.3e-05,2.1e-05
Fusobacterium,0.008421,9.9e-05,0.003242,1.2e-05,1.8e-05,2.1e-05
Pseudoramibacter,0.000257,1.8e-05,1.4e-05,1.2e-05,1.8e-05,2.1e-05
Leuconostoc,1.2e-05,0.0,0.0,1.2e-05,1.8e-05,2.1e-05
unidentified_SBR1031,8.2e-05,3.5e-05,1.4e-05,0.0,1.8e-05,2.1e-05
Myroides,1.2e-05,0.0,7e-06,0.0,1.8e-05,2.1e-05
Rothia,0.009204,1.8e-05,0.000393,3.5e-05,1.2e-05,2.1e-05
Peptoclostridium,0.000211,4.7e-05,7e-05,3.5e-05,1.2e-05,2.1e-05
Thiofaba,0.0,0.0,0.0,1.2e-05,1.2e-05,2.1e-05
Soonwooa,0.0,6e-06,2.1e-05,0.0,1.2e-05,2.1e-05
JTB215,1.2e-05,0.0,7e-06,0.0,1.2e-05,2.1e-05
Candidatus_Riegeria,3.5e-05,0.0,0.0,4.7e-05,6e-06,2.1e-05
MSBL7,0.000409,0.000222,0.000358,1.2e-05,6e-06,2.1e-05
Rhodanobacter,0.000655,0.004631,0.001761,0.001158,0.0,2.1e-05
Alishewanella,7e-05,0.0,0.0,0.000222,0.0,2.1e-05
Mycobacterium,0.000117,0.001737,0.00026,0.000164,0.0,2.1e-05
Thiophaeococcus,1.2e-05,6e-06,0.0,8.2e-05,0.0,2.1e-05
Campylobacter,0.000854,0.0,0.000589,3.5e-05,0.0,2.1e-05
Pararhodospirillum,0.0,0.0,1.4e-05,3.5e-05,0.0,2.1e-05
Anaerofilum,0.0,6e-06,0.0,3.5e-05,0.0,2.1e-05
Pedomicrobium,0.000199,0.000123,0.000267,2.3e-05,0.0,2.1e-05
Acetivibrio,0.0,6e-06,0.0,1.2e-05,0.0,2.1e-05
Aggregatibacter,0.000526,6e-06,9.1e-05,0.0,0.0,2.1e-05
Thioclava,7e-05,3.5e-05,5.6e-05,0.0,0.0,2.1e-05
Chthonobacter,2.3e-05,1.8e-05,2.8e-05,0.0,0.0,2.1e-05
Georgfuchsia,0.0,2.9e-05,2.1e-05,0.0,0.0,2.1e-05
Paraeggerthella,0.0,0.0,7e-06,0.0,0.0,2.1e-05
Gottschalkia,1.2e-05,1.2e-05,0.0,0.0,0.0,2.1e-05
Hylemonella,0.0,6e-06,0.0,0.0,0.0,2.1e-05
Solitalea,0.0,0.0,0.0,0.0,0.0,2.1e-05
Methanoregula,0.000678,0.000901,0.0,0.000129,0.000111,1.4e-05
Parvimonas,0.000936,9.4e-05,2.1e-05,0.0,0.000105,1.4e-05
Ferritrophicum,0.000386,0.001614,0.002463,3.5e-05,9.9e-05,1.4e-05
Holdemania,1.2e-05,1.2e-05,0.0,0.0,9.9e-05,1.4e-05
Trichococcus,8.2e-05,5.3e-05,1.4e-05,2.3e-05,8.8e-05,1.4e-05
Methanobrevibacter,2.3e-05,0.000193,1.4e-05,0.000269,6.4e-05,1.4e-05
Nitrosospira,1.2e-05,2.3e-05,0.0,3.5e-05,6.4e-05,1.4e-05
Methylocaldum,3.5e-05,0.000281,0.0,1.2e-05,6.4e-05,1.4e-05
Acidaminococcus,0.0,5.3e-05,7e-06,5.8e-05,5.3e-05,1.4e-05
W5053,7e-05,5.3e-05,1.4e-05,0.0,4.7e-05,1.4e-05
Ancylobacter,0.0,1.2e-05,7e-06,5.8e-05,3.5e-05,1.4e-05
Peptostreptococcus,0.000246,6.4e-05,2.8e-05,1.2e-05,3.5e-05,1.4e-05
unidentified_Saprospiraceae,8.2e-05,6e-06,1.4e-05,0.0,3.5e-05,1.4e-05
Clostridium_sensu_stricto_12,9.4e-05,0.00031,7e-06,0.0,3.5e-05,1.4e-05
Methylophilus,0.000444,2.9e-05,6.3e-05,4.7e-05,2.9e-05,1.4e-05
Rhodovarius,2.3e-05,1.8e-05,1.4e-05,4.7e-05,2.9e-05,1.4e-05
Syntrophomonas,0.000655,0.00131,6.3e-05,2.3e-05,2.9e-05,1.4e-05
alphaI_cluster,0.000117,8.8e-05,6.3e-05,4.7e-05,2.3e-05,1.4e-05
Terrimonas,0.00014,0.000146,0.000288,3.5e-05,2.3e-05,1.4e-05
unidentified_Syntrophobacterales,0.000327,2.9e-05,0.0,1.2e-05,2.3e-05,1.4e-05
Porticoccus,0.0,0.0,0.0,1.2e-05,2.3e-05,1.4e-05
[Ruminococcus]_gauvreauii_group,1.2e-05,5.3e-05,7e-06,0.0,2.3e-05,1.4e-05
Rhodomicrobium,2.3e-05,1.2e-05,0.0,5.8e-05,1.8e-05,1.4e-05
unidentified_Nitrospiraceae,0.000175,0.000784,0.002765,2.3e-05,1.8e-05,1.4e-05
Leptotrichia,0.008,2.3e-05,0.00661,0.0,1.8e-05,1.4e-05
XBB1006,0.0,0.0,1.4e-05,0.0,1.8e-05,1.4e-05
Alcaligenes,2.3e-05,0.000193,7e-06,0.0,1.8e-05,1.4e-05
Prevotellaceae_UCG-001,3.5e-05,6e-06,0.0,0.000912,1.2e-05,1.4e-05
Terrimicrobium,0.0,0.0,0.0,4.7e-05,1.2e-05,1.4e-05
IMCC26207,5.8e-05,2.9e-05,0.0,3.5e-05,1.2e-05,1.4e-05
Proteiniphilum,0.0,0.0,0.0,3.5e-05,1.2e-05,1.4e-05
Fretibacterium,0.00083,2.3e-05,7e-05,1.2e-05,1.2e-05,1.4e-05
Glutamicibacter,9.4e-05,0.000111,3.5e-05,1.2e-05,1.2e-05,1.4e-05
Nordella,4.7e-05,0.000421,4.9e-05,0.0,1.2e-05,1.4e-05
Flectobacillus,0.0,0.0,2.1e-05,0.0,1.2e-05,1.4e-05
Sterolibacterium,0.0,4.1e-05,0.0,0.0,1.2e-05,1.4e-05
Barnesiella,0.0,6e-06,0.0,2.3e-05,6e-06,1.4e-05
Fluviicoccus,2.3e-05,2.9e-05,3.5e-05,0.0,6e-06,1.4e-05
Pseudolabrys,7e-05,0.000257,2.8e-05,0.0,6e-06,1.4e-05
Lachnospiraceae_UCG-010,0.0,6e-06,0.0,0.0,6e-06,1.4e-05
Liquorilactobacillus,0.0,0.0,0.0,0.0,6e-06,1.4e-05
Chlorobaculum,4.7e-05,1.2e-05,0.0,0.000269,0.0,1.4e-05
Petrimonas,0.0,0.000187,4.2e-05,5.8e-05,0.0,1.4e-05
unidentified_Sericytochromatia,5.8e-05,2.3e-05,6.3e-05,3.5e-05,0.0,1.4e-05
Seleniivibrio,0.0,0.0,0.0,2.3e-05,0.0,1.4e-05
Microbacter,0.0,0.0,0.0,1.2e-05,0.0,1.4e-05
KCM-B-112,3.5e-05,5.8e-05,0.000379,0.0,0.0,1.4e-05
unidentified_MBNT15,0.000643,9.9e-05,0.000119,0.0,0.0,1.4e-05
Ferrovibrio,0.0,6.4e-05,7e-06,0.0,0.0,1.4e-05
Kaistia,1.2e-05,0.000216,0.0,0.0,0.0,1.4e-05
unidentified_Gastranaerophilales,0.0,6.4e-05,0.0,0.0,0.0,1.4e-05
Clostridium_sensu_stricto_6,9.4e-05,6e-06,0.0,0.0,0.0,1.4e-05
Rhizomicrobium,0.0,6e-06,0.0,0.0,0.0,1.4e-05
[Eubacterium]_hallii_group,0.0,6e-06,0.0,0.0,0.0,1.4e-05
Beggiatoa,0.0,6e-06,0.0,0.0,0.0,1.4e-05
Peptococcus,5.8e-05,0.0,0.0,0.0,0.0,1.4e-05
Nubsella,4.7e-05,0.0,0.0,0.0,0.0,1.4e-05
Methylococcus,2.3e-05,0.0,0.0,0.0,0.0,1.4e-05
Globicatella,1.2e-05,0.0,0.0,0.0,0.0,1.4e-05
Ignavigranum,0.0,0.0,0.0,0.0,0.0,1.4e-05
DTU089,0.0,0.0,0.0,0.0,0.0,1.4e-05
Cellulosilyticum,0.0,0.0,0.0,0.0,0.0,1.4e-05
Moheibacter,0.0,0.0,0.0,0.0,0.0,1.4e-05
Candidatus_Magnetobacterium,0.0,0.0,0.0,0.0,0.0,1.4e-05
Pasteurella,0.0,0.0,0.0,0.0,0.0,1.4e-05
Balneatrix,0.0,0.0,0.0,0.0,0.0,1.4e-05
Meniscus,0.0,0.0,0.0,0.0,0.0,1.4e-05
Tistrella,0.0,0.0,0.0,0.0,0.0,1.4e-05
Candidatus_Aquirestis,0.0,0.0,0.0,0.0,0.0,1.4e-05
Phocea,0.0,0.0,0.0,0.0,0.0,1.4e-05
EUB33-2,0.0,0.0,0.0,0.0,0.0,1.4e-05
Candidatus_Stoquefichus,3.5e-05,0.0,0.0,0.0,0.000883,7e-06
Rubritepida,0.0,0.0,7e-06,1.2e-05,0.000152,7e-06
Plesiomonas,0.0,1.8e-05,0.0,0.0,0.000117,7e-06
Gemella,0.000573,2.3e-05,2.8e-05,0.0,7e-05,7e-06
Reyranella,0.000105,0.000216,0.000105,0.000152,5.3e-05,7e-06
Actinomyces,0.003158,0.000123,0.000779,2.3e-05,4.1e-05,7e-06
Defluviimonas,0.000129,0.000234,0.001607,5.8e-05,3.5e-05,7e-06
P3OB-42,0.000538,0.000257,0.000161,2.3e-05,2.9e-05,7e-06
Opitutus,0.0,0.0,0.0,1.2e-05,2.9e-05,7e-06
Allisonella,0.0,0.0,0.0,1.2e-05,2.9e-05,7e-06
Aliidiomarina,0.0,1.2e-05,0.0,0.0,2.9e-05,7e-06
MWH-Ta3,8.2e-05,5.3e-05,0.000112,9.4e-05,2.3e-05,7e-06
GWD2-49-16,0.000117,4.1e-05,7e-06,3.5e-05,2.3e-05,7e-06
Paludibacterium,0.0,0.0,0.0,3.5e-05,2.3e-05,7e-06
Clostridium_sensu_stricto_3,2.3e-05,1.8e-05,0.0,2.3e-05,2.3e-05,7e-06
Candidatus_Paracaedibacter,2.3e-05,9.9e-05,7e-05,0.0,2.3e-05,7e-06
unidentified_Barnesiellaceae,2.3e-05,1.2e-05,0.0,0.000468,1.8e-05,7e-06
Leptolinea,0.002058,0.001111,0.000842,0.0,1.8e-05,7e-06
Candidatus_Berkiella,2.3e-05,6.4e-05,4.9e-05,0.0,1.8e-05,7e-06
SM1A02,0.0,0.0,0.0,0.0,1.8e-05,7e-06
Sphingoaurantiacus,8.2e-05,0.0,7e-06,9.4e-05,1.2e-05,7e-06
Howardella,0.0,6e-06,0.0,2.3e-05,1.2e-05,7e-06
Methylomagnum,2.3e-05,0.0,0.0,2.3e-05,1.2e-05,7e-06
Luteimonas,2.3e-05,8.8e-05,0.000295,0.0,1.2e-05,7e-06
Thioalkalispira-Sulfurivermis,0.00048,0.002444,2.8e-05,0.0,1.2e-05,7e-06
Ilumatobacter,0.0,2.3e-05,0.0,0.0,1.2e-05,7e-06
c__Clostridia;g__unidentified_Ruminococcaceae,7e-05,0.0,0.0,0.0,1.2e-05,7e-06
Pygmaiobacter,0.0,0.0,0.0,0.0,1.2e-05,7e-06
unidentified_Rhodocyclaceae,2.3e-05,5.3e-05,0.0,0.000398,6e-06,7e-06
Cephaloticoccus,2.3e-05,0.0,0.0,0.000117,6e-06,7e-06
Phreatobacter,3.5e-05,1.2e-05,4.9e-05,4.7e-05,6e-06,7e-06
unidentified_SAR324_clade(Marine_group_B),0.000129,7.6e-05,2.8e-05,3.5e-05,6e-06,7e-06
Pedobacter,2.3e-05,2.3e-05,7.7e-05,2.3e-05,6e-06,7e-06
Microvirga,5.8e-05,5.8e-05,6.3e-05,1.2e-05,6e-06,7e-06
Desulfobacterium,1.2e-05,1.2e-05,0.0,1.2e-05,6e-06,7e-06
Catonella,0.000175,1.2e-05,2.8e-05,0.0,6e-06,7e-06
unidentified_Kapabacteriales,0.000129,2.9e-05,0.0,0.0,6e-06,7e-06
Lactiplantibacillus,0.0,1.8e-05,0.0,0.0,6e-06,7e-06
Candidatus_Latescibacter,2.3e-05,6e-06,0.0,0.0,6e-06,7e-06
Marvinbryantia,0.000105,0.0,0.0,0.0,6e-06,7e-06
Muribaculum,5.8e-05,0.0,0.0,0.0,6e-06,7e-06
Skermanella,2.3e-05,0.0,0.0,0.0,6e-06,7e-06
Paenibacillus,1.2e-05,0.0,0.0,0.0,6e-06,7e-06
Advenella,0.0,0.0,0.0,0.0,6e-06,7e-06
Polaromonas,0.0,0.0,0.0,0.0,6e-06,7e-06
Aerosphaera,0.0,0.0,0.0,0.0,6e-06,7e-06
Salipaludibacillus,0.0,0.0,0.0,0.0,6e-06,7e-06
Cloacibacillus,0.0,0.0,0.0,0.0,6e-06,7e-06
Pragia,0.001111,0.010579,0.002982,0.006105,0.0,7e-06
Exiguobacterium,0.000175,2.3e-05,7.7e-05,0.000573,0.0,7e-06
Papillibacter,0.0,0.0,0.0,0.000316,0.0,7e-06
Pyramidobacter,0.000889,1.2e-05,0.0,7e-05,0.0,7e-06
probable_genus_10,0.0,6e-06,0.0,5.8e-05,0.0,7e-06
Lachnospiraceae_AC2044_group,0.0,0.0,0.0,4.7e-05,0.0,7e-06
Veillonellaceae_UCG-001,0.0,0.0,0.0,4.7e-05,0.0,7e-06
Lachnospiraceae_UCG-002,0.0,0.0,0.0,3.5e-05,0.0,7e-06
Caenispirillum,0.0,0.0,0.0,2.3e-05,0.0,7e-06
Desulfosarcina,3.5e-05,6e-06,1.4e-05,1.2e-05,0.0,7e-06
Pseudohongiella,0.0,0.0,0.0,1.2e-05,0.0,7e-06
Sphingosinicella,4.7e-05,6.4e-05,0.000105,0.0,0.0,7e-06
Salinivibrio,2.3e-05,0.000105,7.7e-05,0.0,0.0,7e-06
Fastidiosipila,0.0,2.3e-05,6.3e-05,0.0,0.0,7e-06
unidentified_Candidatus_Kaiserbacteria,3.5e-05,6e-06,5.6e-05,0.0,0.0,7e-06
Solimonas,0.0,0.000228,3.5e-05,0.0,0.0,7e-06
Herpetosiphon,1.2e-05,0.0,3.5e-05,0.0,0.0,7e-06
Ruminofilibacter,0.0,8.8e-05,2.8e-05,0.0,0.0,7e-06
unidentified_DTB120,3.5e-05,6e-06,2.8e-05,0.0,0.0,7e-06
Nannocystis,2.3e-05,7e-05,2.1e-05,0.0,0.0,7e-06
unidentified_Weeksellaceae,0.0,0.0,2.1e-05,0.0,0.0,7e-06
Camelimonas,0.0,0.0,1.4e-05,0.0,0.0,7e-06
Chitinibacter,0.0,2.3e-05,7e-06,0.0,0.0,7e-06
Oxalicibacterium,1.2e-05,0.0,7e-06,0.0,0.0,7e-06
Candidatus_Jidaibacter,0.0,0.0,7e-06,0.0,0.0,7e-06
Arcticibacter,0.0,0.0,7e-06,0.0,0.0,7e-06
unidentified_Clostridia_vadinBB60_group,9.4e-05,0.000105,0.0,0.0,0.0,7e-06
IS-44,8.2e-05,3.5e-05,0.0,0.0,0.0,7e-06
pLW-20,4.7e-05,2.3e-05,0.0,0.0,0.0,7e-06
Turneriella,0.0,2.3e-05,0.0,0.0,0.0,7e-06
SEEP-SRB1,7e-05,6e-06,0.0,0.0,0.0,7e-06
unidentified_Marinifilaceae,4.7e-05,0.0,0.0,0.0,0.0,7e-06
unidentified_Caldilineaceae,2.3e-05,0.0,0.0,0.0,0.0,7e-06
Anaeroplasma,1.2e-05,0.0,0.0,0.0,0.0,7e-06
Thermoanaerobacter,0.0,0.0,0.0,0.0,0.0,7e-06
Magnetococcus,0.0,0.0,0.0,0.0,0.0,7e-06
Planktothrix_NIVA-CYA_15,0.0,0.0,0.0,0.0,0.0,7e-06
Fonticella,0.0,0.0,0.0,0.0,0.0,7e-06
Paraprevotella,0.0,0.0,0.0,0.0,0.0,7e-06
Zavarzinia,0.0,0.0,0.0,0.0,0.0,7e-06
KD3-10,0.0,0.0,0.0,0.0,0.0,7e-06
Leadbetterella,0.0,0.0,0.0,0.0,0.0,7e-06
Planktothricoides_SR001,0.0,0.0,0.0,0.0,0.0,7e-06
Weeksella,0.0,0.0,0.0,0.0,0.0,7e-06
Marivita,0.0,0.0,0.0,1.2e-05,0.000134,0.0
unidentified_Ruminococcaceae,5.8e-05,1.8e-05,0.0,1.2e-05,7.6e-05,0.0
Rikenella,0.0,0.0,0.0,0.0,7.6e-05,0.0
Sandarakinorhabdus,0.0,0.0,0.0,0.0,7.6e-05,0.0
Thorsellia,0.0,0.0,0.0,0.000175,6.4e-05,0.0
AAP99,1.2e-05,4.7e-05,7e-06,0.0,6.4e-05,0.0
Ruminiclostridium,5.8e-05,5.3e-05,0.0,0.0,5.3e-05,0.0
unidentified_Bathyarchaeia,0.00393,0.001047,0.0,0.0,4.7e-05,0.0
Methanobacterium,0.000211,0.000503,2.1e-05,2.3e-05,4.1e-05,0.0
Rhodococcus,0.000491,0.000123,5.6e-05,1.2e-05,4.1e-05,0.0
Actinobacillus,0.0,6e-06,0.0,1.2e-05,4.1e-05,0.0
Longivirga,3.5e-05,4.7e-05,2.1e-05,0.0,4.1e-05,0.0
Tabrizicola,8.2e-05,0.0,6.3e-05,7e-05,3.5e-05,0.0
Prosthecobacter,0.000152,4.7e-05,0.000182,5.8e-05,3.5e-05,0.0
Sandaracinus,0.0,0.0,0.0,2.3e-05,3.5e-05,0.0
unidentified_Gemmatimonadaceae,0.000632,0.00048,0.001853,0.0,3.5e-05,0.0
Candidatus_Ovatusbacter,2.3e-05,1.2e-05,0.0,0.0,3.5e-05,0.0
Polyangium,0.0,6e-06,0.0,0.0,3.5e-05,0.0
Clostridium_sensu_stricto_10,0.0,0.0,0.0,0.0,3.5e-05,0.0
Methylophaga,0.0,0.0,0.0,0.0,3.5e-05,0.0
Oligoflexus,0.0,0.0,0.0,0.0,3.5e-05,0.0
U29-B03,0.0,6e-06,7e-06,4.7e-05,2.9e-05,0.0
Lutispora,0.0,0.0,0.0,1.2e-05,2.9e-05,0.0
Lachnospiraceae_ND3007_group,0.0,0.0,0.0,1.2e-05,2.9e-05,0.0
Tissierella,1.2e-05,8.2e-05,2.1e-05,0.0,2.9e-05,0.0
Micrococcus,0.000187,0.000322,0.00014,4.7e-05,2.3e-05,0.0
Roseococcus,3.5e-05,0.0,0.0,3.5e-05,2.3e-05,0.0
Meiothermus,0.0,0.0,0.0,2.3e-05,2.3e-05,0.0
unidentified_Babeliaceae,0.0,6e-06,0.0,1.2e-05,2.3e-05,0.0
Deinococcus,7e-05,0.000211,0.000386,0.0,2.3e-05,0.0
LCP-80,0.000655,3.5e-05,7e-06,0.0,2.3e-05,0.0
unidentified_Sva0485,0.000257,1.8e-05,0.0,0.0,2.3e-05,0.0
unidentified_Blfdi19,0.0,0.0,0.0,0.0,2.3e-05,0.0
unidentified_Microscillaceae,0.0,0.0,0.0,0.0,2.3e-05,0.0
Brevifollis,3.5e-05,0.0,1.4e-05,0.000561,1.8e-05,0.0
Brevibacillus,2.3e-05,0.0,0.0,9.4e-05,1.8e-05,0.0
Amphiplicatus,8.2e-05,1.2e-05,3.5e-05,2.3e-05,1.8e-05,0.0
Aliiroseovarius,0.0,2.3e-05,0.0,2.3e-05,1.8e-05,0.0
Solibacillus,4.7e-05,6e-06,2.1e-05,1.2e-05,1.8e-05,0.0
Clostridium_sensu_stricto_13,7e-05,2.3e-05,7e-06,1.2e-05,1.8e-05,0.0
Mailhella,0.0,0.0,0.0,1.2e-05,1.8e-05,0.0
Phaeospirillum,0.0,0.0,0.0,1.2e-05,1.8e-05,0.0
unidentified_Subgroup_7,0.000164,0.000281,0.000119,0.0,1.8e-05,0.0
Pelolinea,3.5e-05,0.0,7e-06,0.0,1.8e-05,0.0
Haliscomenobacter,0.0,0.0,7e-06,0.0,1.8e-05,0.0
Mogibacterium,8.2e-05,6e-06,0.0,0.0,1.8e-05,0.0
Lachnospiraceae_FCS020_group,0.0,6e-06,0.0,0.0,1.8e-05,0.0
unidentified_mle1-27,0.0,6e-06,0.0,0.0,1.8e-05,0.0
Candidatus_Anadelfobacter,0.0,0.0,0.0,0.0,1.8e-05,0.0
Marinobacter,0.0,0.0,0.0,0.0,1.8e-05,0.0
[Agitococcus]_lubricus_group,0.0,0.0,0.0,0.0,1.8e-05,0.0
LD29,1.2e-05,2.3e-05,0.0,0.000117,1.2e-05,0.0
Azovibrio,5.8e-05,2.9e-05,7e-05,8.2e-05,1.2e-05,0.0
Rhodopseudomonas,3.5e-05,7.6e-05,0.0,5.8e-05,1.2e-05,0.0
Anoxybacillus,3.5e-05,2.3e-05,0.0,4.7e-05,1.2e-05,0.0
Thiobaca,1.2e-05,0.0,0.0,4.7e-05,1.2e-05,0.0
Anaerostipes,0.000117,4.1e-05,0.0,2.3e-05,1.2e-05,0.0
Microcystis_PCC-7914,1.2e-05,0.0,0.0,2.3e-05,1.2e-05,0.0
ADurb.Bin118,0.000105,2.9e-05,0.0,1.2e-05,1.2e-05,0.0
unidentified_OM190,1.2e-05,0.0,0.0,1.2e-05,1.2e-05,0.0
Chryseolinea,0.0,0.0,0.0,1.2e-05,1.2e-05,0.0
Kroppenstedtia,7e-05,7.6e-05,1.4e-05,0.0,1.2e-05,0.0
Brevinema,1.2e-05,0.000374,7e-06,0.0,1.2e-05,0.0
Candidatus_Xiphinematobacter,3.5e-05,6e-06,0.0,0.0,1.2e-05,0.0
Syntrophaceticus,0.0,0.0,0.0,0.0,1.2e-05,0.0
Limisphaera,0.0,0.0,0.0,0.0,1.2e-05,0.0
unidentified_Kazania,0.0,0.0,0.0,0.0,1.2e-05,0.0
Pseudanabaena_PCC-7429,0.0,0.0,0.0,0.0,1.2e-05,0.0
Miniimonas,0.0,0.0,0.0,0.0,1.2e-05,0.0
Lachnospiraceae_UCG-001,0.0,0.0,0.0,0.0,1.2e-05,0.0
Leptolyngbya_BN43,0.0,0.0,0.0,0.0,1.2e-05,0.0
Balneola,0.0,0.0,0.0,0.0,1.2e-05,0.0
Chryseomicrobium,0.000164,1.2e-05,2.8e-05,0.000737,6e-06,0.0
Candidatus_Bacilloplasma,0.001053,0.005193,0.002309,0.000585,6e-06,0.0
unidentified_Neisseriaceae,0.0,0.0,0.0,0.000234,6e-06,0.0
Lachnospiraceae_XPB1014_group,0.0,0.0,1.4e-05,0.000175,6e-06,0.0
Prevotellaceae_UCG-004,2.3e-05,2.9e-05,7e-06,0.000175,6e-06,0.0
Limnohabitans,2.3e-05,6e-06,0.0,0.000164,6e-06,0.0
Moryella,0.0,6e-06,0.0,8.2e-05,6e-06,0.0
Haematospirillum,3.5e-05,0.0,0.0,5.8e-05,6e-06,0.0
Candidatus_Hepatoplasma,4.7e-05,0.007865,0.00054,3.5e-05,6e-06,0.0
Levilinea,0.000234,0.000316,0.000105,3.5e-05,6e-06,0.0
Algoriphagus,0.000175,4.7e-05,3.5e-05,3.5e-05,6e-06,0.0
Peredibacter,5.8e-05,5.8e-05,0.000196,2.3e-05,6e-06,0.0
Parvibaculum,1.2e-05,0.003292,0.000126,2.3e-05,6e-06,0.0
Undibacterium,0.0,0.000152,0.000112,2.3e-05,6e-06,0.0
Sulfurisoma,0.000187,0.000129,1.4e-05,2.3e-05,6e-06,0.0
unidentified_Zixibacteria,0.000281,7e-05,7e-06,2.3e-05,6e-06,0.0
Porphyromonas,0.004877,1.8e-05,0.001025,1.2e-05,6e-06,0.0
Citrifermentans,0.000924,0.000924,0.00026,1.2e-05,6e-06,0.0
Phaeodactylibacter,0.000152,0.0,0.000133,1.2e-05,6e-06,0.0
Candidatus_Captivus,0.0,0.0,7e-06,1.2e-05,6e-06,0.0
Hydrogenispora,5.8e-05,0.000134,0.0,1.2e-05,6e-06,0.0
unidentified_Spirochaetaceae,1.2e-05,1.2e-05,0.0,1.2e-05,6e-06,0.0
Aerococcus,0.0,1.2e-05,0.0,1.2e-05,6e-06,0.0
Geosporobacter,0.0,6e-06,0.0,1.2e-05,6e-06,0.0
Parasegetibacter,0.0,4.1e-05,4.9e-05,0.0,6e-06,0.0
Ferruginibacter,0.0,8.8e-05,3.5e-05,0.0,6e-06,0.0
Blastococcus,1.2e-05,3.5e-05,2.8e-05,0.0,6e-06,0.0
Flexilinea,1.2e-05,4.1e-05,2.1e-05,0.0,6e-06,0.0
Micromonospora,0.0,0.0,2.1e-05,0.0,6e-06,0.0
Slackia,0.0,1.8e-05,1.4e-05,0.0,6e-06,0.0
BBMC-4,0.000117,6.4e-05,7e-06,0.0,6e-06,0.0
Vagococcus,0.0,6e-06,7e-06,0.0,6e-06,0.0
Paenisporosarcina,0.0,0.0,7e-06,0.0,6e-06,0.0
Methanosarcina,2.3e-05,0.000134,0.0,0.0,6e-06,0.0
Chujaibacter,0.0,9.4e-05,0.0,0.0,6e-06,0.0
Ellin516,8.2e-05,5.8e-05,0.0,0.0,6e-06,0.0
Gracilibacter,0.0,2.3e-05,0.0,0.0,6e-06,0.0
Lawsonella,1.2e-05,1.2e-05,0.0,0.0,6e-06,0.0
Clostridium_sensu_stricto_11,0.0,1.2e-05,0.0,0.0,6e-06,0.0
Reinekea,2.3e-05,6e-06,0.0,0.0,6e-06,0.0
BIyi10,0.0,6e-06,0.0,0.0,6e-06,0.0
Polymorphobacter,2.3e-05,0.0,0.0,0.0,6e-06,0.0
possible_genus_06,1.2e-05,0.0,0.0,0.0,6e-06,0.0
unidentified_Acidobacteriota,1.2e-05,0.0,0.0,0.0,6e-06,0.0
unidentified_Berkelbacteria,1.2e-05,0.0,0.0,0.0,6e-06,0.0
Roseobacter_clade_CHAB-I-5_lineage,0.0,0.0,0.0,0.0,6e-06,0.0
Lacticigenium,0.0,0.0,0.0,0.0,6e-06,0.0
CL500-3,0.0,0.0,0.0,0.0,6e-06,0.0
Salana,0.0,0.0,0.0,0.0,6e-06,0.0
Deefgea,0.0,0.0,0.0,0.0,6e-06,0.0
Carnobacterium,0.0,0.0,0.0,0.0,6e-06,0.0
Erysipelotrichaceae_UCG-003,0.0,0.0,0.0,0.0,6e-06,0.0
ZOR0006,0.000444,0.00131,0.000814,0.001567,0.0,0.0
Tyzzerella,0.000187,0.00383,0.001235,0.000819,0.0,0.0
Malaciobacter,1.2e-05,0.004696,0.001474,0.00076,0.0,0.0
Vibrionimonas,0.000117,0.001807,0.000667,0.000398,0.0,0.0
Methylovirgula,8.2e-05,0.000918,0.000295,0.000234,0.0,0.0
[Anaerorhabdus]_furcosa_group,3.5e-05,0.001959,0.000189,0.000199,0.0,0.0
Syntrophotalea,0.000269,0.0,7e-06,0.000175,0.0,0.0
Prevotellaceae_UCG-003,0.0,1.8e-05,0.0,0.000164,0.0,0.0
Wolinella,7e-05,0.0,7e-06,0.000117,0.0,0.0
UCG-001,5.8e-05,0.0,0.0,0.000117,0.0,0.0
unidentified_F082,0.0,0.0,0.0,0.000117,0.0,0.0
Lachnospiraceae_UCG-008,1.2e-05,0.0,0.0,0.000105,0.0,0.0
Candidatus_Methylopumilus,1.2e-05,0.0,0.0,0.000105,0.0,0.0
Lactovum,0.000117,0.001982,0.000161,9.4e-05,0.0,0.0
Succinivibrionaceae_UCG-002,0.0,0.0,0.0,9.4e-05,0.0,0.0
DNF00809,0.0,0.0,0.0,8.2e-05,0.0,0.0
Mangroviflexus,2.3e-05,0.0,0.0,5.8e-05,0.0,0.0
Oxalobacter,0.0,0.0,0.0,5.8e-05,0.0,0.0
Runella,1.2e-05,6e-06,7e-06,4.7e-05,0.0,0.0
Syntrophobotulus,2.3e-05,0.0,0.0,4.7e-05,0.0,0.0
Candidatus_Obscuribacter,0.0,0.0,0.0,4.7e-05,0.0,0.0
Vulcaniibacterium,9.4e-05,6e-06,7e-06,3.5e-05,0.0,0.0
Anaerobranca,2.3e-05,0.0,0.0,3.5e-05,0.0,0.0
Magnetospirillum,0.0,0.0,0.0,3.5e-05,0.0,0.0
Snowella_0TU37S04,0.0,0.0,0.0,3.5e-05,0.0,0.0
I-8,0.0,0.0,0.0,3.5e-05,0.0,0.0
Castellaniella,5.8e-05,2.3e-05,2.8e-05,2.3e-05,0.0,0.0
Labrys,0.0,2.9e-05,2.1e-05,2.3e-05,0.0,0.0
Prevotellaceae_Ga6A1_group,5.8e-05,6.4e-05,0.0,2.3e-05,0.0,0.0
Dethiobacter,0.0,1.8e-05,0.0,2.3e-05,0.0,0.0
[Eubacterium]_ventriosum_group,0.000257,6e-06,0.0,2.3e-05,0.0,0.0
Anaerosporobacter,0.0,6e-06,0.0,2.3e-05,0.0,0.0
Bergeyella,0.000433,0.0,0.0,2.3e-05,0.0,0.0
Brevibacterium,9.4e-05,0.0,0.0,2.3e-05,0.0,0.0
Sediminispirochaeta,4.7e-05,0.0,0.0,2.3e-05,0.0,0.0
AUTHM297,0.0,0.0,0.0,2.3e-05,0.0,0.0
Lacihabitans,0.0,0.0,0.0,2.3e-05,0.0,0.0
Immundisolibacter,0.000105,5.3e-05,0.00054,1.2e-05,0.0,0.0
Aridibacter,0.0,0.0,5.6e-05,1.2e-05,0.0,0.0
Oikopleura,5.8e-05,6e-06,3.5e-05,1.2e-05,0.0,0.0
Azoarcus,4.7e-05,0.0,2.8e-05,1.2e-05,0.0,0.0
Rivibacter,4.7e-05,3.5e-05,1.4e-05,1.2e-05,0.0,0.0
Pseudonocardia,1.2e-05,0.00038,7e-06,1.2e-05,0.0,0.0
unidentified_RBG-13-46-9,3.5e-05,0.0,7e-06,1.2e-05,0.0,0.0
Ohtaekwangia,0.0,0.0,7e-06,1.2e-05,0.0,0.0
Candidatus_Megaira,2.3e-05,1.2e-05,0.0,1.2e-05,0.0,0.0
unidentified_Lenti-02,1.2e-05,0.0,0.0,1.2e-05,0.0,0.0
Desulfarculus,0.0,0.0,0.0,1.2e-05,0.0,0.0
Woeseia,0.0,0.0,0.0,1.2e-05,0.0,0.0
Desulfitobacterium,0.0,0.0,0.0,1.2e-05,0.0,0.0
unidentified_Gemmataceae,0.0,0.0,0.0,1.2e-05,0.0,0.0
unidentified_Candidatus_Peribacteria,0.0,0.0,0.0,1.2e-05,0.0,0.0
Rehaibacterium,0.0,0.0,0.0,1.2e-05,0.0,0.0
Desulfocurvus,0.0,0.0,0.0,1.2e-05,0.0,0.0
Desulfatibacillum,0.0,0.0,0.0,1.2e-05,0.0,0.0
EBM-39,0.0,0.0,0.0,1.2e-05,0.0,0.0
Capnocytophaga,0.010234,0.0,0.0024,0.0,0.0,0.0
F0332,0.000456,0.0,0.000596,0.0,0.0,0.0
Tannerella,0.000982,0.0,0.000498,0.0,0.0,0.0
IheB3-7,4.7e-05,2.3e-05,0.000449,0.0,0.0,0.0
Anaeroglobus,0.000924,0.0,0.000351,0.0,0.0,0.0
Rickettsia,0.0,0.000333,0.000323,0.0,0.0,0.0
Lachnoanaerobaculum,0.000702,0.0,0.000309,0.0,0.0,0.0
Desulforhabdus,5.8e-05,1.8e-05,0.00026,0.0,0.0,0.0
Hirschia,5.8e-05,4.7e-05,0.000225,0.0,0.0,0.0
Centipeda,0.00117,0.0,0.000211,0.0,0.0,0.0
Cardiobacterium,0.000982,0.0,0.000175,0.0,0.0,0.0
unidentified_Lineage_IV,0.000257,5.3e-05,0.000168,0.0,0.0,0.0
Candidatus_Koribacter,7e-05,0.001041,0.00014,0.0,0.0,0.0
Filifactor,0.000608,0.0,0.000133,0.0,0.0,0.0
Anaerolineaceae_UCG-001,9.4e-05,0.000181,0.000112,0.0,0.0,0.0
Acidocella,0.0,0.000421,9.8e-05,0.0,0.0,0.0
Scardovia,0.000304,1.2e-05,9.8e-05,0.0,0.0,0.0
Desulfatitalea,0.0,1.2e-05,9.8e-05,0.0,0.0,0.0
Stomatobaculum,0.00014,0.0,9.8e-05,0.0,0.0,0.0
C1-B045,5.8e-05,7.6e-05,8.4e-05,0.0,0.0,0.0
Desulfocapsa,0.0,6e-06,8.4e-05,0.0,0.0,0.0
UTCFX1,8.2e-05,1.8e-05,7.7e-05,0.0,0.0,0.0
Ureibacillus,0.0,0.0,7.7e-05,0.0,0.0,0.0
Bauldia,2.3e-05,2.9e-05,6.3e-05,0.0,0.0,0.0
Candidatus_Tenderia,5.8e-05,1.8e-05,6.3e-05,0.0,0.0,0.0
Gordonia,3.5e-05,1.2e-05,6.3e-05,0.0,0.0,0.0
Agromyces,1.2e-05,0.000146,5.6e-05,0.0,0.0,0.0
Edaphobaculum,0.0,4.7e-05,5.6e-05,0.0,0.0,0.0
Eikenella,0.000737,0.0,5.6e-05,0.0,0.0,0.0
F0058,0.000327,0.0,5.6e-05,0.0,0.0,0.0
Johnsonella,0.000667,0.0,4.9e-05,0.0,0.0,0.0
Pseudopropionibacterium,0.000281,0.0,4.2e-05,0.0,0.0,0.0
unidentified_Clostridia_UCG-014,8.2e-05,0.0,4.2e-05,0.0,0.0,0.0
Prosthecomicrobium,0.0,1.2e-05,3.5e-05,0.0,0.0,0.0
Jonesia,0.0,0.0,3.5e-05,0.0,0.0,0.0
Arthrobacter,0.0,0.0,3.5e-05,0.0,0.0,0.0
Chitinophaga,8.2e-05,0.000216,2.8e-05,0.0,0.0,0.0
Phocaeicola,0.000468,6e-06,2.8e-05,0.0,0.0,0.0
Craurococcus-Caldovatus,3.5e-05,6e-06,2.8e-05,0.0,0.0,0.0
Steroidobacter,0.000246,0.000216,2.1e-05,0.0,0.0,0.0
Desulfuromonas,0.000444,0.000129,2.1e-05,0.0,0.0,0.0
Truepera,1.2e-05,5.8e-05,2.1e-05,0.0,0.0,0.0
Aestuariimicrobium,0.0,1.8e-05,2.1e-05,0.0,0.0,0.0
unidentified_Micavibrionales,0.0,6e-06,2.1e-05,0.0,0.0,0.0
HdN1,5.8e-05,0.0,2.1e-05,0.0,0.0,0.0
Pleurocapsa_PCC-7327,0.0,0.0,2.1e-05,0.0,0.0,0.0
Vitellibacter,0.0,0.0,2.1e-05,0.0,0.0,0.0
Gallionella,0.0,0.000216,1.4e-05,0.0,0.0,0.0
Labilithrix,0.0,8.2e-05,1.4e-05,0.0,0.0,0.0
Oryzihumus,0.0,5.3e-05,1.4e-05,0.0,0.0,0.0
Oceanobacillus,0.000363,4.7e-05,1.4e-05,0.0,0.0,0.0
Bellilinea,0.000269,1.2e-05,1.4e-05,0.0,0.0,0.0
unidentified_Vicinamibacterales,4.7e-05,0.0,1.4e-05,0.0,0.0,0.0
Taeseokella,2.3e-05,0.0,1.4e-05,0.0,0.0,0.0
Actinomadura,0.0,0.0,1.4e-05,0.0,0.0,0.0
Ketobacter,0.0,0.0,1.4e-05,0.0,0.0,0.0
Marinimicrobium,0.0,0.0,1.4e-05,0.0,0.0,0.0
Rubellimicrobium,0.0,0.0,1.4e-05,0.0,0.0,0.0
Chroococcidiopsis_PCC_7203,0.0,0.0,1.4e-05,0.0,0.0,0.0
unidentified_Mitochondria,1.2e-05,0.000398,7e-06,0.0,0.0,0.0
Streptomyces,1.2e-05,0.000117,7e-06,0.0,0.0,0.0
Alkalibacterium,0.0,0.000111,7e-06,0.0,0.0,0.0
Fontimonas,0.0,7.6e-05,7e-06,0.0,0.0,0.0
Gardnerella,1.2e-05,6.4e-05,7e-06,0.0,0.0,0.0
Hydrotalea,0.0,5.8e-05,7e-06,0.0,0.0,0.0
Virgibacillus,1.2e-05,4.1e-05,7e-06,0.0,0.0,0.0
Pelagibius,0.0,3.5e-05,7e-06,0.0,0.0,0.0
DSSF69,0.000257,2.9e-05,7e-06,0.0,0.0,0.0
Mucilaginibacter,0.0,2.3e-05,7e-06,0.0,0.0,0.0
Thiobacter,0.000105,1.8e-05,7e-06,0.0,0.0,0.0
Abiotrophia,0.000374,1.2e-05,7e-06,0.0,0.0,0.0
Dokdonella,1.2e-05,1.2e-05,7e-06,0.0,0.0,0.0
unidentified_Gaiellales,0.0,1.2e-05,7e-06,0.0,0.0,0.0
Pseudoxanthobacter,0.0,1.2e-05,7e-06,0.0,0.0,0.0
Belnapia,0.0,1.2e-05,7e-06,0.0,0.0,0.0
Adhaeribacter,1.2e-05,6e-06,7e-06,0.0,0.0,0.0
Roseimicrobium,0.0,6e-06,7e-06,0.0,0.0,0.0
Hathewaya,0.0,6e-06,7e-06,0.0,0.0,0.0
[Eubacterium]_yurii_group,0.000222,0.0,7e-06,0.0,0.0,0.0
Cohnella,7e-05,0.0,7e-06,0.0,0.0,0.0
wb1-A12,5.8e-05,0.0,7e-06,0.0,0.0,0.0
unidentified_JGI_0000069-P22,3.5e-05,0.0,7e-06,0.0,0.0,0.0
Pirellula,2.3e-05,0.0,7e-06,0.0,0.0,0.0
Rodentibacter,1.2e-05,0.0,7e-06,0.0,0.0,0.0
unidentified_Rhodospirillales,1.2e-05,0.0,7e-06,0.0,0.0,0.0
Haloimpatiens,0.0,0.0,7e-06,0.0,0.0,0.0
Williamsia,0.0,0.0,7e-06,0.0,0.0,0.0
Roseisolibacter,0.0,0.0,7e-06,0.0,0.0,0.0
Edwardsiella,0.0,0.0,7e-06,0.0,0.0,0.0
unidentified_Candidatus_Zambryskibacteria,0.0,0.0,7e-06,0.0,0.0,0.0
Paludisphaera,0.0,0.0,7e-06,0.0,0.0,0.0
Enteractinococcus,0.0,0.0,7e-06,0.0,0.0,0.0
Cryptobacterium,0.0,0.0,7e-06,0.0,0.0,0.0
Abditibacterium,0.0,0.0,7e-06,0.0,0.0,0.0
Photobacterium,0.0,0.000444,0.0,0.0,0.0,0.0
Candidatus_Methanofastidiosum,0.000339,0.000146,0.0,0.0,0.0,0.0
1174-901-12,3.5e-05,0.000134,0.0,0.0,0.0,0.0
966-1,0.0,0.000105,0.0,0.0,0.0,0.0
Defluviicoccus,0.0,8.8e-05,0.0,0.0,0.0,0.0
unidentified_GIF3,4.7e-05,8.2e-05,0.0,0.0,0.0,0.0
Ottowia,1.2e-05,8.2e-05,0.0,0.0,0.0,0.0
Candidatus_Methanoperedens,0.006549,7e-05,0.0,0.0,0.0,0.0
Synechococcus_CC9902,0.0,7e-05,0.0,0.0,0.0,0.0
Wandonia,0.0,7e-05,0.0,0.0,0.0,0.0
unidentified_Alphaproteobacteria,0.0,7e-05,0.0,0.0,0.0,0.0
Ornithinibacillus,0.0,6.4e-05,0.0,0.0,0.0,0.0
Anaerococcus,0.0,5.3e-05,0.0,0.0,0.0,0.0
Candidatus_Alysiosphaera,0.000187,4.7e-05,0.0,0.0,0.0,0.0
Candidatus_Methanomethylicus,0.000129,4.7e-05,0.0,0.0,0.0,0.0
Candidatus_Electronema,4.7e-05,4.1e-05,0.0,0.0,0.0,0.0
Pseudoalteromonas,0.0,4.1e-05,0.0,0.0,0.0,0.0
Desulfosporosinus,0.0,4.1e-05,0.0,0.0,0.0,0.0
Pontibacter,0.0,4.1e-05,0.0,0.0,0.0,0.0
Candidatus_Nitrotoga,0.000117,3.5e-05,0.0,0.0,0.0,0.0
Thaumasiovibrio,0.0,3.5e-05,0.0,0.0,0.0,0.0
Exilispira,0.0,3.5e-05,0.0,0.0,0.0,0.0
Paucibacter,0.0,2.9e-05,0.0,0.0,0.0,0.0
unidentified_Hydrogenedensaceae,0.0,2.9e-05,0.0,0.0,0.0,0.0
unidentified_SCGC_AAA011-D5,0.0,2.9e-05,0.0,0.0,0.0,0.0
unidentified_Edwardsbacteria,4.7e-05,2.3e-05,0.0,0.0,0.0,0.0
Desulfurivibrio,2.3e-05,2.3e-05,0.0,0.0,0.0,0.0
Methanosphaerula,0.0,2.3e-05,0.0,0.0,0.0,0.0
unidentified_0319-6G20,0.0,2.3e-05,0.0,0.0,0.0,0.0
Methanomassiliicoccus,0.0,2.3e-05,0.0,0.0,0.0,0.0
Leptospirillum,0.000596,1.8e-05,0.0,0.0,0.0,0.0
Candidatus_Nitrosotenuis,0.000105,1.8e-05,0.0,0.0,0.0,0.0
possible_genus_03,0.0,1.8e-05,0.0,0.0,0.0,0.0
Archangium,0.0,1.8e-05,0.0,0.0,0.0,0.0
Hydrocarboniphaga,0.0,1.8e-05,0.0,0.0,0.0,0.0
Guggenheimella,0.0,1.8e-05,0.0,0.0,0.0,0.0
Tsukamurella,0.0,1.8e-05,0.0,0.0,0.0,0.0
Gallicola,0.0,1.8e-05,0.0,0.0,0.0,0.0
unidentified_Latescibacterota,0.000374,1.2e-05,0.0,0.0,0.0,0.0
Thermodesulfovibrio,4.7e-05,1.2e-05,0.0,0.0,0.0,0.0
RB41,2.3e-05,1.2e-05,0.0,0.0,0.0,0.0
Streptosporangium,2.3e-05,1.2e-05,0.0,0.0,0.0,0.0
Persicitalea,1.2e-05,1.2e-05,0.0,0.0,0.0,0.0
Spirochaeta_2,1.2e-05,1.2e-05,0.0,0.0,0.0,0.0
Commensalibacter,0.0,1.2e-05,0.0,0.0,0.0,0.0
Methylosarcina,0.0,1.2e-05,0.0,0.0,0.0,0.0
Erysipelotrichaceae_UCG-002,0.0,1.2e-05,0.0,0.0,0.0,0.0
Geitlerinema,0.0,1.2e-05,0.0,0.0,0.0,0.0
SM23-31,0.0,1.2e-05,0.0,0.0,0.0,0.0
Methylobacillus,0.0,1.2e-05,0.0,0.0,0.0,0.0
Conexibacter,0.0,1.2e-05,0.0,0.0,0.0,0.0
Nocardia,0.0,1.2e-05,0.0,0.0,0.0,0.0
Halioglobus,0.0,1.2e-05,0.0,0.0,0.0,0.0
Fermentimonas,0.0,1.2e-05,0.0,0.0,0.0,0.0
Arenibacter,0.0,1.2e-05,0.0,0.0,0.0,0.0
Lacticaseibacillus,2.3e-05,6e-06,0.0,0.0,0.0,0.0
Rubrobacter,1.2e-05,6e-06,0.0,0.0,0.0,0.0
unidentified_Desulfosarcinaceae,0.0,6e-06,0.0,0.0,0.0,0.0
Syntrophococcus,0.0,6e-06,0.0,0.0,0.0,0.0
unidentified_37-13,0.0,6e-06,0.0,0.0,0.0,0.0
Lamprocystis,0.0,6e-06,0.0,0.0,0.0,0.0
A2,0.0,6e-06,0.0,0.0,0.0,0.0
unidentified_Roseiflexaceae,0.0,6e-06,0.0,0.0,0.0,0.0
Stella,0.0,6e-06,0.0,0.0,0.0,0.0
Terribacillus,0.0,6e-06,0.0,0.0,0.0,0.0
Thermanaerovibrio,0.0,6e-06,0.0,0.0,0.0,0.0
Cnuella,0.0,6e-06,0.0,0.0,0.0,0.0
Alcanivorax,0.0,6e-06,0.0,0.0,0.0,0.0
Caldibacillus,0.0,6e-06,0.0,0.0,0.0,0.0
Candidatus_Caldatribacterium,0.0,6e-06,0.0,0.0,0.0,0.0
Levilactobacillus,0.0,6e-06,0.0,0.0,0.0,0.0
unidentified_Propionibacteriaceae,0.0,6e-06,0.0,0.0,0.0,0.0
Taibaiella,0.0,6e-06,0.0,0.0,0.0,0.0
Candidatus_Methylomirabilis,0.000819,0.0,0.0,0.0,0.0,0.0
Mycoplasma,0.000608,0.0,0.0,0.0,0.0,0.0
Candidatus_Caldiarchaeum,0.000164,0.0,0.0,0.0,0.0,0.0
Erysipelotrichaceae_UCG-006,7e-05,0.0,0.0,0.0,0.0,0.0
Thermobifida,5.8e-05,0.0,0.0,0.0,0.0,0.0
Zhongshania,4.7e-05,0.0,0.0,0.0,0.0,0.0
Symphothece_PCC-7002,4.7e-05,0.0,0.0,0.0,0.0,0.0
Methyloglobulus,3.5e-05,0.0,0.0,0.0,0.0,0.0
Pseudogracilibacillus,3.5e-05,0.0,0.0,0.0,0.0,0.0
unidentified_Sandaracinaceae,3.5e-05,0.0,0.0,0.0,0.0,0.0
unidentified_Prevotellaceae,3.5e-05,0.0,0.0,0.0,0.0,0.0
Candidatus_Nitrososphaera,3.5e-05,0.0,0.0,0.0,0.0,0.0
unidentified_Schekmanbacteria,3.5e-05,0.0,0.0,0.0,0.0,0.0
YC-ZSS-LKJ63,3.5e-05,0.0,0.0,0.0,0.0,0.0
Sphaerobacter,3.5e-05,0.0,0.0,0.0,0.0,0.0
Acidothermus,3.5e-05,0.0,0.0,0.0,0.0,0.0
unidentified_TK10,2.3e-05,0.0,0.0,0.0,0.0,0.0
UTBCD1,2.3e-05,0.0,0.0,0.0,0.0,0.0
Kingella,2.3e-05,0.0,0.0,0.0,0.0,0.0
MIZ17,2.3e-05,0.0,0.0,0.0,0.0,0.0
Geotalea,2.3e-05,0.0,0.0,0.0,0.0,0.0
Nitrosarchaeum,2.3e-05,0.0,0.0,0.0,0.0,0.0
Thioalkalivibrio,2.3e-05,0.0,0.0,0.0,0.0,0.0
unidentified_Acidimicrobiia,2.3e-05,0.0,0.0,0.0,0.0,0.0
unidentified_LCP-89,2.3e-05,0.0,0.0,0.0,0.0,0.0
Macrococcus,2.3e-05,0.0,0.0,0.0,0.0,0.0
Clostridium_sensu_stricto_18,1.2e-05,0.0,0.0,0.0,0.0,0.0
Thermincola,1.2e-05,0.0,0.0,0.0,0.0,0.0
Candidatus_Nitrosotalea,1.2e-05,0.0,0.0,0.0,0.0,0.0
JdFR-76,1.2e-05,0.0,0.0,0.0,0.0,0.0
Sporosarcina,1.2e-05,0.0,0.0,0.0,0.0,0.0
Salinispora,1.2e-05,0.0,0.0,0.0,0.0,0.0
OLB15,1.2e-05,0.0,0.0,0.0,0.0,0.0
Roseiarcus,1.2e-05,0.0,0.0,0.0,0.0,0.0
Geobacillus,1.2e-05,0.0,0.0,0.0,0.0,0.0
Thermoflexus,1.2e-05,0.0,0.0,0.0,0.0,0.0
Occallatibacter,1.2e-05,0.0,0.0,0.0,0.0,0.0
Polycyclovorans,1.2e-05,0.0,0.0,0.0,0.0,0.0
Crenalkalicoccus,1.2e-05,0.0,0.0,0.0,0.0,0.0
unidentified_Rokubacteriales,1.2e-05,0.0,0.0,0.0,0.0,0.0
unidentified_Microgenomatia,1.2e-05,0.0,0.0,0.0,0.0,0.0
Pectinatus,0.0,0.0,0.0,0.0,0.0,0.0
Falsiporphyromonas,0.0,0.0,0.0,0.0,0.0,0.0
Dolosicoccus,0.0,0.0,0.0,0.0,0.0,0.0
unidentified_ABY1,0.0,0.0,0.0,0.0,0.0,0.0
horsej-a03,0.0,0.0,0.0,0.0,0.0,0.0
Agrilactobacillus,0.0,0.0,0.0,0.0,0.0,0.0
Dactylosporangium,0.0,0.0,0.0,0.0,0.0,0.0
unidentified_Desulfuromonadaceae,0.0,0.0,0.0,0.0,0.0,0.0
Pelosinus,0.0,0.0,0.0,0.0,0.0,0.0
Vampirovibrio,0.0,0.0,0.0,0.0,0.0,0.0
Leptolyngbya_PCC-6306,0.0,0.0,0.0,0.0,0.0,0.0
ADurb.Bin063-2,0.0,0.0,0.0,0.0,0.0,0.0
Chthoniobacter,0.0,0.0,0.0,0.0,0.0,0.0
Methanocorpusculum,0.0,0.0,0.0,0.0,0.0,0.0
Kouleothrix,0.0,0.0,0.0,0.0,0.0,0.0
Saccharopolyspora,0.0,0.0,0.0,0.0,0.0,0.0
