Genus,Soil,Water
Others,0.30203,0.247179
Ralstonia,0.003321,0.089781
Acinetobacter,0.013882,0.050362
C39,0.000865,0.047755
Cloacibacterium,0.017679,0.042026
Arcobacter,0.00107,0.036828
Trichlorobacter,0.005541,0.030064
Prevotella_9,0.001233,0.027205
Hydrogenophaga,0.010774,0.025222
Anaerovorax,0.001551,0.024796
Novosphingobium,0.013957,0.017877
Saccharofermentans,0.000734,0.01732
Pseudomonas,0.00098,0.01537
Aquabacterium,0.001872,0.013954
Comamonas,0.001637,0.012902
Aeromonas,0.004714,0.012017
Enterobacter,0.029781,0.009253
Acidovorax,0.001281,0.009208
Thauera,0.03535,0.008716
Sulfuricurvum,0.032164,0.008649
Macellibacteroides,0.002479,0.007819
Zoogloea,0.001809,0.007358
Akkermansia,0.000464,0.006649
Sulfurospirillum,0.000702,0.00618
Dechloromonas,0.008293,0.006055
Paludibacter,0.020929,0.005629
Aquaspirillum,0.000123,0.005428
Streptococcus,0.008987,0.005323
Christensenellaceae_R-7_group,0.00392,0.004859
Erysipelothrix,0.000554,0.004446
Bacteroides,0.002947,0.004356
Desulfomicrobium,0.004253,0.004148
Escherichia-Shigella,0.000561,0.003822
Rhodobacter,0.005932,0.003606
Thermomonas,0.011947,0.00316
Desulfovibrio,0.001459,0.003155
Thiovirga,0.000544,0.003125
Tolumonas,0.000629,0.003098
Desulfobacter,0.000519,0.002977
Lachnospiraceae_NK4A136_group,0.002058,0.00293
Clostridium_sensu_stricto_1,0.000434,0.002872
Rivicola,0.000298,0.002817
Pseudarcobacter,0.000105,0.002692
Desulfobulbus,0.009704,0.002669
Geothermobacter,0.001697,0.002561
Brachymonas,0.000895,0.002296
Succinivibrio,0.000103,0.002256
Prevotella,0.001158,0.002251
Arenimonas,0.002692,0.002246
Sulfurovum,0.008784,0.002215
[Ruminococcus]_torques_group,0.000236,0.002188
Vogesella,9.8e-05,0.002043
[Desulfobacterium]_catecholicum_group,0.001108,0.002025
Blautia,0.000474,0.00193
Megasphaera,0.000223,0.001902
Faecalibacterium,0.000519,0.001885
Lentimicrobium,0.000308,0.001885
GKS98_freshwater_group,4.3e-05,0.001877
Bifidobacterium,0.000391,0.001832
Erysipelatoclostridium,6e-05,0.001754
Enhydrobacter,0.000484,0.001744
Candidatus_Soleaferrea,0.000115,0.001722
Smithella,0.004005,0.001704
Thiobacillus,0.046775,0.001697
Propionivibrio,0.0011,0.001657
NK4A214_group,0.000624,0.001647
Flavobacterium,0.000802,0.001619
Rikenellaceae_RC9_gut_group,9e-05,0.001551
Colidextribacter,0.000486,0.001496
Bact-08,0.000301,0.001479
Pantoea,0.000835,0.001464
Sulfurimonas,0.001466,0.001351
Allorhizobium-Neorhizobium-Pararhizobium-Rhizobium,0.001298,0.001338
Pragia,0.005837,0.001311
Methylotenera,0.000729,0.001296
Morganella,0.0,0.001291
Methanosaeta,0.010584,0.001233
Romboutsia,0.000797,0.001213
Rhodocyclus,5e-05,0.001195
Agathobacter,0.000236,0.001185
Dialister,0.000529,0.001173
Uliginosibacterium,0.000133,0.001103
Ligilactobacillus,0.000336,0.001038
Phascolarctobacterium,0.000178,0.001007
Extensimonas,0.000388,0.000962
Ileibacterium,1.3e-05,0.00096
TC1,0.000218,0.00092
Alistipes,0.000118,0.000902
Roseomonas,0.001296,0.0009
Formivibrio,0.000238,0.000852
Odoribacter,1e-05,0.000822
Prevotella_7,0.000905,0.00082
Chlorobium,0.00014,0.00082
UCG-002,0.000173,0.000817
Moraxella,0.000208,0.000762
Rhodoferax,0.00012,0.000759
BSV13,0.001223,0.000744
Staphylococcus,0.000411,0.000739
Shewanella,0.009245,0.000719
Thermoanaerobaculum,0.000769,0.000719
Helicobacter,0.000195,0.000719
Mitsuokella,3.5e-05,0.000712
Prevotellaceae_NK3B31_group,6e-05,0.000707
Ruminococcus,0.000591,0.000699
Desulfomonile,0.000133,0.000689
Stenotrophomonas,0.000461,0.000684
Sva0081_sediment_group,0.002017,0.000679
Dechlorobacter,0.000108,0.000642
unidentified_Chloroplast,0.000391,0.000639
Rheinheimera,0.000143,0.000624
Curvibacter,0.001604,0.000614
Treponema,0.000764,0.000601
[Eubacterium]_brachy_group,0.002233,0.000596
MND1,0.000271,0.000596
Paracoccus,0.004857,0.000591
Pseudoxanthomonas,0.001243,0.000586
Turicibacter,3e-05,0.000586
unidentified_WPS-2,0.000138,0.000571
Subdoligranulum,0.000155,0.000559
Selenomonas,0.00101,0.000554
Ercella,0.000566,0.000541
Lautropia,0.002722,0.000539
Acidaminobacter,0.000727,0.000539
Desulfatiglans,0.000652,0.000536
Ellin6067,0.003907,0.000501
Cereibacter,0.000672,0.000501
Dysgonomonas,0.003363,0.000491
Parasutterella,0.000145,0.000484
Macromonas,1.8e-05,0.000476
unidentified_Lachnospiraceae,6e-05,0.000474
Lactobacillus,0.000809,0.000466
Ramlibacter,0.000148,0.000466
Methyloparacoccus,0.00016,0.000459
Enterococcus,9.3e-05,0.000456
Fusibacter,0.000308,0.000451
UCG-005,0.000208,0.000446
Desulfatirhabdium,0.000564,0.000439
Lachnoclostridium,7e-05,0.000436
Anaeromyxobacter,0.002817,0.000419
Candidatus_Aquiluna,2.5e-05,0.000406
Parabacteroides,0.0002,0.000403
Thiothrix,0.000185,0.000398
Intestinimonas,3.5e-05,0.000396
Alloprevotella,0.000198,0.000391
Brevundimonas,0.0011,0.000388
Veillonella,0.001444,0.000383
Candidatus_Stoquefichus,8e-06,0.000381
unidentified_Enterobacterales,5.5e-05,0.000371
Mucispirillum,0.000105,0.000368
Acetoanaerobium,0.000361,0.000366
GCA-900066575,0.000158,0.000353
[Eubacterium]_fissicatena_group,8.5e-05,0.000351
Pannonibacter,2e-05,0.000346
ZOR0006,0.000947,0.000336
Allochromatium,2.5e-05,0.000328
Desulfobacca,0.000544,0.000326
Anaeromusa-Anaeroarcus,0.000118,0.000326
Soehngenia,0.000238,0.000323
Chryseobacterium,0.000185,0.000323
Enterorhabdus,0.00012,0.000323
Sphingobacterium,9.5e-05,0.000323
Porphyrobacter,0.000168,0.000318
Paludibaculum,0.000406,0.000316
Candidatus_Dichloromethanomonas,1.3e-05,0.000316
hgcI_clade,1.3e-05,0.000313
UCG-004,0.000261,0.000311
Roseburia,0.000128,0.000311
Lactivibrio,0.000997,0.000306
Collinsella,0.000108,0.000298
WCHB1-32,6.5e-05,0.000296
Sphingomonas,0.003709,0.000286
Roseimarinus,0.001218,0.000286
Ferribacterium,4.8e-05,0.000286
Bacillus,0.066975,0.000283
Rubrivivax,0.00103,0.000283
Caulobacter,0.001809,0.000281
Hypnocyclicus,0.000155,0.000281
Desulforhopalus,0.000459,0.000278
Defluviitaleaceae_UCG-011,7e-05,0.000278
Megamonas,6e-05,0.000278
Sh765B-TzT-35,0.003842,0.000266
TM7a,0.000386,0.000266
Coprobacillus,0.000163,0.000266
Rhodoluna,2e-05,0.000263
unidentified_Bacteria,0.000306,0.000261
Psychrobacter,4.8e-05,0.000261
Rhodanobacter,0.002754,0.000256
Oscillibacter,0.000155,0.000256
Alicycliphilus,0.002574,0.000246
Thiomonas,0.000331,0.000246
[Eubacterium]_ruminantium_group,3e-05,0.000241
Azospira,6.3e-05,0.000238
Cavicella,0.000494,0.000236
Limosilactobacillus,0.000321,0.000236
Aquimonas,0.000228,0.000236
Laribacter,1e-05,0.000233
Syntrophus,0.003381,0.000231
Desulfatiferula,0.00017,0.000231
unidentified_Thermodesulfovibrionia,0.000609,0.000228
Methylomicrobium,0.000168,0.000223
Polynucleobacter,3.5e-05,0.000223
Sporobacter,2e-05,0.000221
unidentified_Prolixibacteraceae,3e-05,0.000218
Acetitomaculum,0.000108,0.000216
Anaerovibrio,2.8e-05,0.000216
unidentified_Synergistaceae,0.000288,0.000213
OLB12,0.0001,0.000213
Methanospirillum,0.000484,0.000211
Alkanindiges,0.000175,0.000211
GOUTA6,7.5e-05,0.000208
Azonexus,6.5e-05,0.000206
Prevotellaceae_UCG-001,1e-05,0.000206
unidentified_WCHB1-41,4e-05,0.0002
Deferrisoma,0.000932,0.000198
CL500-29_marine_group,0.000193,0.000195
Candidatus_Saccharimonas,0.000108,0.000193
Cyanobium_PCC-6307,1e-05,0.000193
Alkalibacter,5e-05,0.000188
Sphaerotilus,1.8e-05,0.000185
Succiniclasticum,0.0,0.000185
Luteolibacter,0.000358,0.000183
Massilia,0.000308,0.000183
Candidatus_Competibacter,0.005408,0.000178
Coxiella,0.001328,0.000178
Phenylobacterium,0.004722,0.000175
Tyzzerella,0.002123,0.000175
Ideonella,0.001757,0.000175
Haliangium,0.000584,0.000173
Ignavibacterium,0.000348,0.00017
Lachnospiraceae_UCG-006,6e-05,0.000168
Allobaculum,3e-06,0.000168
Malaciobacter,0.002541,0.000163
Aurantisolimonas,0.00012,0.000163
Cellvibrio,6e-05,0.000163
Chitinivorax,3.8e-05,0.000163
Chryseomicrobium,5e-05,0.00016
Sphingorhabdus,0.002198,0.000158
Olsenella,0.000173,0.000153
[Eubacterium]_eligens_group,2.3e-05,0.000153
Crenothrix,0.001574,0.00015
Catenibacterium,0.000105,0.00015
Methylocystis,0.000576,0.000145
Providencia,1e-05,0.000145
Bradyrhizobium,0.001832,0.000143
Amaricoccus,3.5e-05,0.00014
Flavonifractor,1.3e-05,0.00014
Acetanaerobacterium,1.3e-05,0.000138
Empedobacter,2.3e-05,0.000135
oc32,8.3e-05,0.000133
Faecalitalea,1.3e-05,0.000133
Aurantimicrobium,9.5e-05,0.00013
Sutterella,3.8e-05,0.00013
Coprococcus,3.5e-05,0.00013
Candidatus_Bacilloplasma,0.003276,0.000128
Lachnospira,2.3e-05,0.000128
Brevifollis,1.3e-05,0.000128
Hydrogenoanaerobacterium,8e-06,0.000128
Aquicella,0.000466,0.000125
Exiguobacterium,7.5e-05,0.000125
Butyrivibrio,2.5e-05,0.000125
Weissella,1.5e-05,0.000125
Sulfuritalea,0.001378,0.000123
Proteiniclasticum,0.000644,0.000123
Endomicrobium,0.000165,0.000123
Dehalobacterium,0.0,0.000123
Methylobacterium-Methylorubrum,0.002251,0.00012
DMER64,0.000133,0.00012
Ruminobacter,1.5e-05,0.00012
Gaiella,8.5e-05,0.000118
Limnobacter,0.002428,0.000115
Luteitalea,0.000198,0.000115
Anaerocella,3e-05,0.000115
SCGC-AB-539-J10,3.8e-05,0.000113
HN-HF0106,0.000246,0.00011
Proteocatella,0.000203,0.00011
unidentified_Barnesiellaceae,1e-05,0.00011
Subgroup_10,0.002351,0.000108
Methylomonas,0.000704,0.000108
Pajaroellobacter,7.3e-05,0.000108
Anaerotruncus,3.5e-05,0.000108
Sphaerochaeta,1.3e-05,0.000108
Blvii28_wastewater-sludge_group,0.000667,0.000105
Lysobacter,0.000366,0.000105
Propionicimonas,0.000175,0.000105
dgA-11_gut_group,2.5e-05,0.000105
Geothrix,0.010228,0.000103
Devosia,0.000449,0.0001
Demequina,0.000185,0.0001
Perlucidibaca,0.000123,0.0001
DEV114,2.5e-05,0.0001
Desulfurispora,8e-06,0.0001
Methanolinea,0.001632,9.8e-05
CI75cm.2.12,0.000947,9.8e-05
Mesorhizobium,0.000772,9.8e-05
Spirochaeta,0.000752,9.8e-05
Azospirillum,4e-05,9.8e-05
Oribacterium,0.000165,9.5e-05
Microbacterium,0.000306,9.3e-05
Aminomonas,7e-05,9.3e-05
Niveispirillum,1.3e-05,9.3e-05
[Clostridium]_innocuum_group,1.3e-05,9.3e-05
Alsobacter,0.0,9.3e-05
Desulfoprunum,0.014887,9e-05
JGI-0000079-D21,0.00089,9e-05
Faecalibaculum,0.000366,9e-05
Methanobrevibacter,9.3e-05,9e-05
unidentified_Rhodocyclaceae,2.8e-05,9e-05
Lachnospiraceae_NK3A20_group,1e-05,9e-05
Dongia,0.000511,8.8e-05
Variovorax,0.000153,8.8e-05
Vibrionimonas,0.001038,8.5e-05
Atopobium,0.000612,8.5e-05
Asticcacaulis,2.5e-05,8.5e-05
Novispirillum,5e-06,8.5e-05
RBG-16-49-21,0.000649,8.3e-05
Propioniciclava,0.000361,8.3e-05
[Eubacterium]_nodatum_group,0.000148,8.3e-05
Desulfofustis,7.8e-05,8.3e-05
Bilophila,3e-05,8.3e-05
Aeromicrobium,1.5e-05,8.3e-05
Sedimentibacter,1.3e-05,8.3e-05
Methanoregula,0.000531,8e-05
Achromobacter,6.8e-05,7.8e-05
Fluviicola,5.5e-05,7.8e-05
Family_XIII_AD3011_group,4.5e-05,7.8e-05
Senegalimassilia,1.8e-05,7.8e-05
Dickeya,3e-06,7.8e-05
Brooklawnia,0.000476,7.5e-05
Bryobacter,0.000223,7.5e-05
Butyricicoccus,2.3e-05,7.3e-05
Anaerosinus,1.8e-05,7.3e-05
Fibrobacter,5e-06,7.3e-05
Insolitispirillum,3e-06,7.3e-05
Georgenia,0.004862,7e-05
[Cytophaga]_xylanolytica_group,0.000178,7e-05
SWB02,0.000115,7e-05
Desulforegula,6.8e-05,7e-05
Pleomorphomonas,5.8e-05,7e-05
unidentified_Rikenellaceae,2.3e-05,7e-05
Rubritepida,3e-06,7e-05
Papillibacter,0.0,7e-05
Corynebacterium,0.001714,6.8e-05
Anaerolinea,0.001579,6.8e-05
ADurb.Bin063-1,0.000905,6.8e-05
Dubosiella,0.000351,6.8e-05
Monoglobus,0.00012,6.8e-05
Herbaspirillum,1.3e-05,6.8e-05
Inhella,5e-06,6.8e-05
Syntrophorhabdus,0.001897,6.5e-05
Sideroxydans,0.000804,6.5e-05
Acidibacter,5.5e-05,6.5e-05
Thorsellia,0.0,6.5e-05
Haemophilus,0.001408,6.3e-05
Subgroup_23,0.000544,6.3e-05
Sulfurifustis,0.000449,6.3e-05
[Eubacterium]_xylanophilum_group,0.000198,6.3e-05
RBG-16-58-14,0.00019,6.3e-05
Niveibacterium,2.8e-05,6.3e-05
CHKCI001,1.5e-05,6.3e-05
Chlorobaculum,1.5e-05,6.3e-05
Actinotalea,0.001058,6e-05
Holophaga,0.000446,6e-05
Sulfuritortus,0.000336,6e-05
Phaselicystis,0.000211,6e-05
Serratia,3.5e-05,6e-05
Marivita,0.0,6e-05
Halomonas,0.001797,5.8e-05
Syner-01,0.000248,5.8e-05
Reyranella,0.000153,5.8e-05
Thermovirga,0.000138,5.8e-05
Solobacterium,3.5e-05,5.8e-05
UCG-003,1.8e-05,5.8e-05
Calorithrix,5e-06,5.8e-05
Candidatus_Methylospira,0.0,5.8e-05
Ferritrophicum,0.001654,5.5e-05
Cupriavidus,0.000238,5.5e-05
Aminobacter,3e-05,5.5e-05
Silanimonas,2.8e-05,5.5e-05
UKL13-1,2.8e-05,5.5e-05
Alishewanella,1.5e-05,5.5e-05
Holdemanella,1e-05,5.5e-05
Halothiobacillus,0.000363,5.3e-05
Pseudochrobactrum,0.000125,5.3e-05
unidentified_Gracilibacteria,9e-05,5.3e-05
Fusicatenibacter,4.5e-05,5.3e-05
Lactococcus,3.8e-05,5.3e-05
Intestinibacter,3e-05,5.3e-05
Plesiomonas,8e-06,5.3e-05
unidentified_Neisseriaceae,0.0,5.3e-05
Methylovirgula,0.000516,5e-05
Sulfuricella,0.000371,5e-05
Hyphomicrobium,0.000363,5e-05
Dyella,0.000276,5e-05
Parvimonas,0.000248,5e-05
UCG-009,5.3e-05,5e-05
Propionispira,4.5e-05,5e-05
Acholeplasma,3.3e-05,5e-05
Acetobacter,1.3e-05,5e-05
Vibrio,0.006185,4.8e-05
Sphingopyxis,0.001005,4.8e-05
Trichococcus,4.5e-05,4.8e-05
Xanthobacter,2.3e-05,4.8e-05
Holdemania,8e-06,4.8e-05
Saccharibacillus,3e-06,4.8e-05
Anaerospora,0.0,4.8e-05
Sumerlaea,7e-05,4.5e-05
Shuttleworthia,2.3e-05,4.5e-05
Sediminibacterium,1.5e-05,4.5e-05
Harryflintia,1e-05,4.5e-05
TPD-58,0.002992,4.3e-05
[Anaerorhabdus]_furcosa_group,0.000915,4.3e-05
Mycobacterium,0.000862,4.3e-05
Bosea,0.000288,4.3e-05
Altererythrobacter,0.000153,4.3e-05
Acetobacteroides,0.000148,4.3e-05
Bacteriovorax,0.0001,4.3e-05
Lachnospiraceae_UCG-004,1.8e-05,4.3e-05
Acetobacterium,1e-05,4.3e-05
Caldisericum,0.001867,4e-05
Geobacter,0.001083,4e-05
Ahniella,0.000251,4e-05
Bdellovibrio,0.00019,4e-05
UBA1819,3e-05,4e-05
Lacibacter,3e-05,4e-05
Acidaminococcus,2.5e-05,4e-05
Prevotellaceae_UCG-004,2e-05,4e-05
Neochlamydia,2e-05,4e-05
Delftia,1.3e-05,4e-05
Nitrosospira,1.3e-05,4e-05
Lachnospiraceae_XPB1014_group,5e-06,4e-05
unidentified_Sporomusaceae,3e-06,4e-05
Candidatus_Solibacter,0.000178,3.8e-05
Tessaracoccus,0.000123,3.8e-05
Syntrophotalea,6e-05,3.8e-05
Iamia,6e-05,3.8e-05
unidentified_Hungateiclostridiaceae,1.3e-05,3.8e-05
Limnohabitans,8e-06,3.8e-05
Methylogaea,0.0,3.8e-05
Cronobacter,0.0,3.8e-05
Flavihumibacter,0.000637,3.5e-05
Syntrophobacter,0.000231,3.5e-05
Methylocaldum,0.000128,3.5e-05
mle1-7,8.8e-05,3.5e-05
Coriobacteriaceae_UCG-002,4.8e-05,3.5e-05
DEV008,3.8e-05,3.5e-05
Uruburuella,3.5e-05,3.5e-05
Dinghuibacter,2.3e-05,3.5e-05
unidentified_Ruminococcaceae,2e-05,3.5e-05
Sporomusa,1e-05,3.5e-05
Prevotellaceae_UCG-003,8e-06,3.5e-05
Succinispira,8e-06,3.5e-05
Plasticicumulans,8e-06,3.5e-05
Negativibacillus,5e-06,3.5e-05
Cetobacterium,0.0,3.5e-05
DSSD61,0.0,3.5e-05
Gemmatimonas,0.000203,3.3e-05
Cutibacterium,0.000198,3.3e-05
Burkholderia-Caballeronia-Paraburkholderia,0.00015,3.3e-05
Gemella,0.000143,3.3e-05
MWH-Ta3,8e-05,3.3e-05
Candidatus_Arthromitus,4.8e-05,3.3e-05
GWE2-42-42,3.8e-05,3.3e-05
Ignatzschineria,3e-05,3.3e-05
[Eubacterium]_siraeum_group,1.5e-05,3.3e-05
Chitinimonas,1.3e-05,3.3e-05
Ancylobacter,8e-06,3.3e-05
Thiolamprovum,5e-06,3.3e-05
Z114MB74,3e-06,3.3e-05
Elusimicrobium,3e-06,3.3e-05
Rikenella,0.0,3.3e-05
Sandarakinorhabdus,0.0,3.3e-05
Neisseria,0.00197,3e-05
Defluviimonas,0.000702,3e-05
Piscinibacter,0.000469,3e-05
Duganella,0.000291,3e-05
Desulfococcus,0.000291,3e-05
Tabrizicola,4e-05,3e-05
Cellulomonas,2.5e-05,3e-05
Anaerofustis,2.3e-05,3e-05
LD29,1.3e-05,3e-05
Coriobacteriaceae_UCG-003,1e-05,3e-05
Cephaloticoccus,5e-06,3e-05
Proteus,3e-06,3e-05
Asteroleplasma,0.0,3e-05
Nitrosomonas,0.000446,2.8e-05
Methylophilus,0.00013,2.8e-05
Prosthecobacter,0.000118,2.8e-05
Legionella,0.000118,2.8e-05
Lacunisphaera,3.3e-05,2.8e-05
AAP99,2.5e-05,2.8e-05
Sphingoaurantiacus,2e-05,2.8e-05
Rhodovarius,1.8e-05,2.8e-05
Thiocystis,1.5e-05,2.8e-05
Schwartzia,8e-06,2.8e-05
Brevibacillus,5e-06,2.8e-05
Kosakonia,3e-06,2.8e-05
Actinomyces,0.001007,2.5e-05
alphaI_cluster,8.5e-05,2.5e-05
W5053,4.3e-05,2.5e-05
Wolinella,1.8e-05,2.5e-05
Wohlfahrtiimonas,1.5e-05,2.5e-05
UCG-001,1.3e-05,2.5e-05
Family_XIII_UCG-001,1e-05,2.5e-05
Rhodomicrobium,1e-05,2.5e-05
GWE2-31-10,8e-06,2.5e-05
Thiophaeococcus,5e-06,2.5e-05
Aquitalea,3e-06,2.5e-05
Ancalomicrobium,3e-06,2.5e-05
unidentified_F082,0.0,2.5e-05
Syntrophomonas,0.000724,2.3e-05
Methanobacterium,0.000268,2.3e-05
Terrimonas,0.000195,2.3e-05
Desulfovirga,0.000125,2.3e-05
Peptostreptococcus,9e-05,2.3e-05
Candidatus_Moduliflexus,7.8e-05,2.3e-05
Azovibrio,5e-05,2.3e-05
Ruminiclostridium,3.5e-05,2.3e-05
unidentified_Babeliales,3.5e-05,2.3e-05
Dyadobacter,1.3e-05,2.3e-05
Gordonibacter,5e-06,2.3e-05
U29-B03,5e-06,2.3e-05
Lachnospiraceae_UCG-008,3e-06,2.3e-05
Candidatus_Methylopumilus,3e-06,2.3e-05
Christensenella,3e-06,2.3e-05
Spirillum,0.0,2.3e-05
Rothia,0.00212,2e-05
unidentified_Bathyarchaeia,0.001291,2e-05
Lactovum,0.000932,2e-05
Longilinea,0.000564,2e-05
P3OB-42,0.000283,2e-05
Micrococcus,0.000228,2e-05
Sphingobium,0.000193,2e-05
Rhodococcus,0.000178,2e-05
Clostridium_sensu_stricto_12,0.000155,2e-05
Peptoclostridium,9e-05,2e-05
GWD2-49-16,4.5e-05,2e-05
Lachnotalea,4.5e-05,2e-05
OM60(NOR5)_clade,2.8e-05,2e-05
unidentified_Saprospiraceae,2.5e-05,2e-05
unidentified_Bacteroidetes_BD2-2,2.3e-05,2e-05
Methyloterricola,2.3e-05,2e-05
Draconibacterium,2e-05,2e-05
Candidatus_Riegeria,8e-06,2e-05
Moryella,3e-06,2e-05
Permianibacter,3e-06,2e-05
Oceanobacter,3e-06,2e-05
Actinobacillus,3e-06,2e-05
Succinivibrionaceae_UCG-002,0.0,2e-05
Sandaracinus,0.0,2e-05
Elstera,0.0,2e-05
Paludibacterium,0.0,2e-05
Chitinilyticum,0.0,2e-05
Terrimicrobium,0.0,2e-05
Fusobacterium,0.003005,1.8e-05
unidentified_Nitrospiraceae,0.001361,1.8e-05
Pyramidobacter,0.000195,1.8e-05
Marmoricola,0.000143,1.8e-05
unidentified_Saccharimonadales,0.000118,1.8e-05
Rhizobacter,0.000105,1.8e-05
Petrimonas,9.5e-05,1.8e-05
unidentified_BSV26,9.3e-05,1.8e-05
unidentified_Syntrophobacterales,8.3e-05,1.8e-05
Pseudoramibacter,6.8e-05,1.8e-05
Parvibacter,4.3e-05,1.8e-05
Rhodopseudomonas,4e-05,1.8e-05
Hyphomonas,3.5e-05,1.8e-05
Longivirga,3.5e-05,1.8e-05
Candidatus_Omnitrophus,3e-05,1.8e-05
IMCC26207,2.5e-05,1.8e-05
Williamwhitmania,2e-05,1.8e-05
Clostridium_sensu_stricto_3,1.3e-05,1.8e-05
Tepidiphilus,1e-05,1.8e-05
SN8,1e-05,1.8e-05
Vitreoscilla,8e-06,1.8e-05
Roseococcus,8e-06,1.8e-05
Leuconostoc,3e-06,1.8e-05
DNF00809,0.0,1.8e-05
Opitutus,0.0,1.8e-05
Proteiniphilum,0.0,1.8e-05
Porticoccus,0.0,1.8e-05
Microvirgula,0.0,1.8e-05
Allisonella,0.0,1.8e-05
Trichloromonas,0.001724,1.5e-05
unidentified_Gemmatimonadaceae,0.001002,1.5e-05
Campylobacter,0.000393,1.5e-05
Nocardioides,0.000198,1.5e-05
unidentified_SBR1031,3.8e-05,1.5e-05
Libanicoccus,3.3e-05,1.5e-05
Phreatobacter,3e-05,1.5e-05
[Ruminococcus]_gauvreauii_group,2.8e-05,1.5e-05
Anoxybacillus,1.8e-05,1.5e-05
Dietzia,1.5e-05,1.5e-05
Epulopiscium,1.3e-05,1.5e-05
Lysinibacillus,1.3e-05,1.5e-05
Candidatus_Ovatusbacter,1e-05,1.5e-05
Haematospirillum,8e-06,1.5e-05
Oblitimonas,8e-06,1.5e-05
Pararhodospirillum,5e-06,1.5e-05
Myroides,5e-06,1.5e-05
Aliidiomarina,5e-06,1.5e-05
probable_genus_10,3e-06,1.5e-05
Polyangium,3e-06,1.5e-05
Thiobaca,3e-06,1.5e-05
Anaerofilum,3e-06,1.5e-05
Clostridium_sensu_stricto_10,0.0,1.5e-05
Lutispora,0.0,1.5e-05
Methylophaga,0.0,1.5e-05
Gluconobacter,0.0,1.5e-05
Oligoflexus,0.0,1.5e-05
Thiofaba,0.0,1.5e-05
Meiothermus,0.0,1.5e-05
Lachnospiraceae_ND3007_group,0.0,1.5e-05
Leptotrichia,0.004085,1.3e-05
MSBL7,0.000311,1.3e-05
unidentified_Solimonadaceae,0.000271,1.3e-05
Fretibacterium,0.000213,1.3e-05
Pedomicrobium,0.00019,1.3e-05
Alcaligenes,9e-05,1.3e-05
Glutamicibacter,8e-05,1.3e-05
Candidatus_Paracaedibacter,7.3e-05,1.3e-05
unidentified_SAR324_clade(Marine_group_B),7e-05,1.3e-05
Tissierella,4.5e-05,1.3e-05
unidentified_Sericytochromatia,4.5e-05,1.3e-05
Amphiplicatus,3.5e-05,1.3e-05
Butyricimonas,1.8e-05,1.3e-05
Soonwooa,1e-05,1.3e-05
Aliiroseovarius,1e-05,1.3e-05
Mangroviflexus,5e-06,1.3e-05
XBB1006,5e-06,1.3e-05
JTB215,5e-06,1.3e-05
Methylomagnum,5e-06,1.3e-05
unidentified_Babeliaceae,3e-06,1.3e-05
Howardella,3e-06,1.3e-05
Barnesiella,3e-06,1.3e-05
Oxalobacter,0.0,1.3e-05
Lachnospiraceae_AC2044_group,0.0,1.3e-05
Veillonellaceae_UCG-001,0.0,1.3e-05
Fournierella,0.0,1.3e-05
Candidatus_Hepatoplasma,0.003574,1e-05
Leptolinea,0.001218,1e-05
Deinococcus,0.000243,1e-05
Levilinea,0.000223,1e-05
Nordella,0.000208,1e-05
LCP-80,0.000158,1e-05
Algoriphagus,7e-05,1e-05
unidentified_Sva0485,6.3e-05,1e-05
Candidatus_Berkiella,5e-05,1e-05
Pedobacter,4.3e-05,1e-05
Anaerostipes,4.3e-05,1e-05
Clostridium_sensu_stricto_13,2.8e-05,1e-05
Solibacillus,2e-05,1e-05
Sterolibacterium,1.8e-05,1e-05
Candidatus_Contendobacter,1e-05,1e-05
Runella,8e-06,1e-05
Flectobacillus,8e-06,1e-05
Syntrophobotulus,5e-06,1e-05
Acetivibrio,3e-06,1e-05
Microcystis_PCC-7914,3e-06,1e-05
unidentified_Blfdi19,0.0,1e-05
Candidatus_Obscuribacter,0.0,1e-05
Mailhella,0.0,1e-05
Phaeospirillum,0.0,1e-05
Lachnospiraceae_UCG-002,0.0,1e-05
unidentified_Microscillaceae,0.0,1e-05
Seleniivibrio,0.0,1e-05
SM1A02,0.0,1e-05
Parvibaculum,0.001459,8e-06
Thioalkalispira-Sulfurivermis,0.00116,8e-06
unidentified_Subgroup_7,0.000198,8e-06
Aggregatibacter,0.000148,8e-06
Luteimonas,0.000148,8e-06
Pseudolabrys,0.000135,8e-06
Peredibacter,0.000108,8e-06
Undibacterium,0.000105,8e-06
Sulfurisoma,0.0001,8e-06
unidentified_Zixibacteria,9.3e-05,8e-06
Microvirga,6e-05,8e-06
Thioclava,5e-05,8e-06
ADurb.Bin118,3.5e-05,8e-06
Fluviicoccus,3e-05,8e-06
Vulcaniibacterium,2.5e-05,8e-06
Chthonobacter,2.3e-05,8e-06
Mogibacterium,2e-05,8e-06
Georgfuchsia,2e-05,8e-06
c__Clostridia;g__unidentified_Ruminococcaceae,1.5e-05,8e-06
Ilumatobacter,1e-05,8e-06
Pelolinea,1e-05,8e-06
Desulfobacterium,8e-06,8e-06
Gottschalkia,8e-06,8e-06
Anaerobranca,5e-06,8e-06
Lachnospiraceae_FCS020_group,3e-06,8e-06
Paraeggerthella,3e-06,8e-06
unidentified_mle1-27,3e-06,8e-06
Haliscomenobacter,3e-06,8e-06
Lachnospiraceae_UCG-010,3e-06,8e-06
Hylemonella,3e-06,8e-06
unidentified_OM190,3e-06,8e-06
Magnetospirillum,0.0,8e-06
Candidatus_Anadelfobacter,0.0,8e-06
Snowella_0TU37S04,0.0,8e-06
Marinobacter,0.0,8e-06
[Agitococcus]_lubricus_group,0.0,8e-06
I-8,0.0,8e-06
Chryseolinea,0.0,8e-06
Caenispirillum,0.0,8e-06
Pygmaiobacter,0.0,8e-06
Microbacter,0.0,8e-06
Liquorilactobacillus,0.0,8e-06
Solitalea,0.0,8e-06
Porphyromonas,0.001418,5e-06
Citrifermentans,0.000687,5e-06
unidentified_MBNT15,0.000223,5e-06
KCM-B-112,0.000168,5e-06
Brevinema,0.000165,5e-06
Kaistia,9.5e-05,5e-06
Bergeyella,9.3e-05,5e-06
Phaeodactylibacter,8e-05,5e-06
Hydrogenispora,7e-05,5e-06
[Eubacterium]_ventriosum_group,5.8e-05,5e-06
Catonella,5.3e-05,5e-06
Kroppenstedtia,5.3e-05,5e-06
Prevotellaceae_Ga6A1_group,4e-05,5e-06
unidentified_Kapabacteriales,4e-05,5e-06
Castellaniella,3.3e-05,5e-06
Ferrovibrio,3e-05,5e-06
unidentified_Gastranaerophilales,2.8e-05,5e-06
Marvinbryantia,2.3e-05,5e-06
Clostridium_sensu_stricto_6,2.3e-05,5e-06
Brevibacterium,2e-05,5e-06
Labrys,2e-05,5e-06
Desulfosarcina,1.5e-05,5e-06
Muribaculum,1.3e-05,5e-06
Peptococcus,1.3e-05,5e-06
Candidatus_Xiphinematobacter,1e-05,5e-06
Nubsella,1e-05,5e-06
Sediminispirochaeta,1e-05,5e-06
Dethiobacter,8e-06,5e-06
Lactiplantibacillus,8e-06,5e-06
Candidatus_Latescibacter,8e-06,5e-06
unidentified_Spirochaetaceae,8e-06,5e-06
Methylococcus,5e-06,5e-06
Aerococcus,5e-06,5e-06
Skermanella,5e-06,5e-06
Globicatella,3e-06,5e-06
Rhizomicrobium,3e-06,5e-06
Anaerosporobacter,3e-06,5e-06
Paenibacillus,3e-06,5e-06
Candidatus_Captivus,3e-06,5e-06
[Eubacterium]_hallii_group,3e-06,5e-06
Geosporobacter,3e-06,5e-06
Beggiatoa,3e-06,5e-06
Syntrophaceticus,0.0,5e-06
Limisphaera,0.0,5e-06
unidentified_Kazania,0.0,5e-06
Ignavigranum,0.0,5e-06
DTU089,0.0,5e-06
Cellulosilyticum,0.0,5e-06
Moheibacter,0.0,5e-06
AUTHM297,0.0,5e-06
Candidatus_Magnetobacterium,0.0,5e-06
Pasteurella,0.0,5e-06
Balneatrix,0.0,5e-06
Pseudanabaena_PCC-7429,0.0,5e-06
Miniimonas,0.0,5e-06
Meniscus,0.0,5e-06
Lachnospiraceae_UCG-001,0.0,5e-06
Tistrella,0.0,5e-06
Lacihabitans,0.0,5e-06
Advenella,0.0,5e-06
Candidatus_Aquirestis,0.0,5e-06
Phocea,0.0,5e-06
Polaromonas,0.0,5e-06
Pseudohongiella,0.0,5e-06
Leptolyngbya_BN43,0.0,5e-06
Aerosphaera,0.0,5e-06
Balneola,0.0,5e-06
EUB33-2,0.0,5e-06
Salipaludibacillus,0.0,5e-06
Cloacibacillus,0.0,5e-06
Immundisolibacter,0.000238,3e-06
Pseudonocardia,0.000168,3e-06
Solimonas,0.00011,3e-06
Salinivibrio,7.8e-05,3e-06
Sphingosinicella,7.5e-05,3e-06
unidentified_Clostridia_vadinBB60_group,6.5e-05,3e-06
Methanosarcina,6.3e-05,3e-06
BBMC-4,5.5e-05,3e-06
Ferruginibacter,5e-05,3e-06
Ruminofilibacter,4.8e-05,3e-06
Nannocystis,4.3e-05,3e-06
Ellin516,4.3e-05,3e-06
Chujaibacter,4e-05,3e-06
Parasegetibacter,3.5e-05,3e-06
Fastidiosipila,3.3e-05,3e-06
IS-44,3.3e-05,3e-06
Rivibacter,3e-05,3e-06
unidentified_Candidatus_Kaiserbacteria,3e-05,3e-06
Flexilinea,2.8e-05,3e-06
Blastococcus,2.8e-05,3e-06
Oikopleura,2.8e-05,3e-06
Aridibacter,2e-05,3e-06
pLW-20,2e-05,3e-06
Azoarcus,2e-05,3e-06
unidentified_DTB120,2e-05,3e-06
SEEP-SRB1,1.8e-05,3e-06
Herpetosiphon,1.5e-05,3e-06
Chitinibacter,1.3e-05,3e-06
Slackia,1.3e-05,3e-06
Turneriella,1e-05,3e-06
unidentified_Marinifilaceae,1e-05,3e-06
Gracilibacter,1e-05,3e-06
unidentified_RBG-13-46-9,1e-05,3e-06
Candidatus_Megaira,1e-05,3e-06
unidentified_Weeksellaceae,8e-06,3e-06
Reinekea,8e-06,3e-06
Micromonospora,8e-06,3e-06
Lawsonella,8e-06,3e-06
Camelimonas,5e-06,3e-06
Clostridium_sensu_stricto_11,5e-06,3e-06
unidentified_Caldilineaceae,5e-06,3e-06
Polymorphobacter,5e-06,3e-06
Vagococcus,5e-06,3e-06
Oxalicibacterium,5e-06,3e-06
BIyi10,3e-06,3e-06
Candidatus_Jidaibacter,3e-06,3e-06
Paenisporosarcina,3e-06,3e-06
possible_genus_06,3e-06,3e-06
unidentified_Acidobacteriota,3e-06,3e-06
Arcticibacter,3e-06,3e-06
unidentified_Berkelbacteria,3e-06,3e-06
Anaeroplasma,3e-06,3e-06
unidentified_Lenti-02,3e-06,3e-06
Ohtaekwangia,3e-06,3e-06
Roseobacter_clade_CHAB-I-5_lineage,0.0,3e-06
Desulfarculus,0.0,3e-06
Lacticigenium,0.0,3e-06
Woeseia,0.0,3e-06
Thermoanaerobacter,0.0,3e-06
CL500-3,0.0,3e-06
Desulfitobacterium,0.0,3e-06
Salana,0.0,3e-06
Magnetococcus,0.0,3e-06
Planktothrix_NIVA-CYA_15,0.0,3e-06
Deefgea,0.0,3e-06
Fonticella,0.0,3e-06
unidentified_Gemmataceae,0.0,3e-06
unidentified_Candidatus_Peribacteria,0.0,3e-06
Carnobacterium,0.0,3e-06
Paraprevotella,0.0,3e-06
Zavarzinia,0.0,3e-06
Rehaibacterium,0.0,3e-06
Desulfocurvus,0.0,3e-06
Desulfatibacillum,0.0,3e-06
Erysipelotrichaceae_UCG-003,0.0,3e-06
KD3-10,0.0,3e-06
Leadbetterella,0.0,3e-06
EBM-39,0.0,3e-06
Planktothricoides_SR001,0.0,3e-06
Weeksella,0.0,3e-06
Capnocytophaga,0.00305,0.0
Candidatus_Methanoperedens,0.001434,0.0
Candidatus_Koribacter,0.000511,0.0
Tannerella,0.000388,0.0
Centipeda,0.000326,0.0
Anaeroglobus,0.000323,0.0
F0332,0.000311,0.0
Cardiobacterium,0.000273,0.0
Lachnoanaerobaculum,0.000261,0.0
Rickettsia,0.000258,0.0
Acidocella,0.000216,0.0
Photobacterium,0.00019,0.0
IheB3-7,0.00018,0.0
Eikenella,0.000178,0.0
Filifactor,0.000178,0.0
Candidatus_Methylomirabilis,0.000175,0.0
unidentified_Mitochondria,0.000175,0.0
Johnsonella,0.00016,0.0
Desulfuromonas,0.000158,0.0
Steroidobacter,0.000153,0.0
unidentified_Lineage_IV,0.000138,0.0
Anaerolineaceae_UCG-001,0.000138,0.0
Leptospirillum,0.000135,0.0
Candidatus_Methanofastidiosum,0.000135,0.0
Mycoplasma,0.00013,0.0
Chitinophaga,0.00012,0.0
Phocaeicola,0.000113,0.0
Desulforhabdus,0.000113,0.0
Hirschia,0.000113,0.0
Scardovia,0.000105,0.0
Oceanobacillus,0.000103,0.0
Gallionella,9.8e-05,0.0
F0058,9e-05,0.0
Abiotrophia,8.8e-05,0.0
unidentified_Latescibacterota,8.5e-05,0.0
Agromyces,8.5e-05,0.0
Pseudopropionibacterium,7.5e-05,0.0
C1-B045,7.5e-05,0.0
DSSF69,7e-05,0.0
Bellilinea,6.8e-05,0.0
1174-901-12,6.5e-05,0.0
Stomatobaculum,6.5e-05,0.0
Candidatus_Alysiosphaera,6e-05,0.0
Streptomyces,5.5e-05,0.0
UTCFX1,5.3e-05,0.0
[Eubacterium]_yurii_group,5e-05,0.0
Alkalibacterium,5e-05,0.0
Candidatus_Methanomethylicus,4.8e-05,0.0
966-1,4.5e-05,0.0
unidentified_GIF3,4.5e-05,0.0
Candidatus_Tenderia,4.3e-05,0.0
Labilithrix,4e-05,0.0
Desulfatitalea,4e-05,0.0
Candidatus_Nitrotoga,4e-05,0.0
Edaphobaculum,4e-05,0.0
Bauldia,4e-05,0.0
Ottowia,3.8e-05,0.0
Defluviicoccus,3.8e-05,0.0
Candidatus_Caldiarchaeum,3.5e-05,0.0
Fontimonas,3.5e-05,0.0
Truepera,3.5e-05,0.0
Gordonia,3.5e-05,0.0
Desulfocapsa,3.3e-05,0.0
Thiobacter,3.3e-05,0.0
unidentified_Clostridia_UCG-014,3.3e-05,0.0
Gardnerella,3.3e-05,0.0
Synechococcus_CC9902,3e-05,0.0
Wandonia,3e-05,0.0
unidentified_Alphaproteobacteria,3e-05,0.0
Candidatus_Nitrosotenuis,3e-05,0.0
Ureibacillus,2.8e-05,0.0
Ornithinibacillus,2.8e-05,0.0
Hydrotalea,2.8e-05,0.0
Candidatus_Electronema,2.8e-05,0.0
Oryzihumus,2.8e-05,0.0
Anaerococcus,2.3e-05,0.0
Virgibacillus,2.3e-05,0.0
HdN1,2e-05,0.0
unidentified_Edwardsbacteria,2e-05,0.0
Craurococcus-Caldovatus,2e-05,0.0
Pseudoalteromonas,1.8e-05,0.0
Desulfosporosinus,1.8e-05,0.0
Pontibacter,1.8e-05,0.0
Cohnella,1.8e-05,0.0
Prosthecomicrobium,1.8e-05,0.0
Pelagibius,1.8e-05,0.0
Thaumasiovibrio,1.5e-05,0.0
Erysipelotrichaceae_UCG-006,1.5e-05,0.0
Exilispira,1.5e-05,0.0
wb1-A12,1.5e-05,0.0
Thermodesulfovibrio,1.5e-05,0.0
Desulfurivibrio,1.5e-05,0.0
Aestuariimicrobium,1.5e-05,0.0
unidentified_Vicinamibacterales,1.5e-05,0.0
Jonesia,1.3e-05,0.0
Arthrobacter,1.3e-05,0.0
Thermobifida,1.3e-05,0.0
Paucibacter,1.3e-05,0.0
unidentified_Hydrogenedensaceae,1.3e-05,0.0
Mucilaginibacter,1.3e-05,0.0
unidentified_SCGC_AAA011-D5,1.3e-05,0.0
Zhongshania,1e-05,0.0
Symphothece_PCC-7002,1e-05,0.0
unidentified_Micavibrionales,1e-05,0.0
Methanosphaerula,1e-05,0.0
unidentified_JGI_0000069-P22,1e-05,0.0
unidentified_0319-6G20,1e-05,0.0
RB41,1e-05,0.0
Taeseokella,1e-05,0.0
Dokdonella,1e-05,0.0
Streptosporangium,1e-05,0.0
Methanomassiliicoccus,1e-05,0.0
possible_genus_03,8e-06,0.0
Methyloglobulus,8e-06,0.0
Pseudogracilibacillus,8e-06,0.0
unidentified_Sandaracinaceae,8e-06,0.0
unidentified_Prevotellaceae,8e-06,0.0
Candidatus_Nitrososphaera,8e-06,0.0
unidentified_Schekmanbacteria,8e-06,0.0
Archangium,8e-06,0.0
YC-ZSS-LKJ63,8e-06,0.0
Hydrocarboniphaga,8e-06,0.0
Sphaerobacter,8e-06,0.0
Pleurocapsa_PCC-7327,8e-06,0.0
Acidothermus,8e-06,0.0
Guggenheimella,8e-06,0.0
Tsukamurella,8e-06,0.0
Vitellibacter,8e-06,0.0
Persicitalea,8e-06,0.0
Lacticaseibacillus,8e-06,0.0
Spirochaeta_2,8e-06,0.0
unidentified_Gaiellales,8e-06,0.0
Gallicola,8e-06,0.0
Pseudoxanthobacter,8e-06,0.0
Pirellula,8e-06,0.0
Belnapia,8e-06,0.0
Adhaeribacter,8e-06,0.0
Actinomadura,5e-06,0.0
Ketobacter,5e-06,0.0
unidentified_TK10,5e-06,0.0
UTBCD1,5e-06,0.0
Marinimicrobium,5e-06,0.0
Commensalibacter,5e-06,0.0
Kingella,5e-06,0.0
Methylosarcina,5e-06,0.0
MIZ17,5e-06,0.0
Geotalea,5e-06,0.0
Nitrosarchaeum,5e-06,0.0
Erysipelotrichaceae_UCG-002,5e-06,0.0
Geitlerinema,5e-06,0.0
SM23-31,5e-06,0.0
Methylobacillus,5e-06,0.0
Thioalkalivibrio,5e-06,0.0
Rubellimicrobium,5e-06,0.0
unidentified_Acidimicrobiia,5e-06,0.0
Conexibacter,5e-06,0.0
Nocardia,5e-06,0.0
Chroococcidiopsis_PCC_7203,5e-06,0.0
Halioglobus,5e-06,0.0
Fermentimonas,5e-06,0.0
unidentified_LCP-89,5e-06,0.0
Arenibacter,5e-06,0.0
Rodentibacter,5e-06,0.0
unidentified_Rhodospirillales,5e-06,0.0
Roseimicrobium,5e-06,0.0
Hathewaya,5e-06,0.0
Rubrobacter,5e-06,0.0
Macrococcus,5e-06,0.0
Haloimpatiens,3e-06,0.0
Clostridium_sensu_stricto_18,3e-06,0.0
unidentified_Desulfosarcinaceae,3e-06,0.0
Williamsia,3e-06,0.0
Roseisolibacter,3e-06,0.0
Edwardsiella,3e-06,0.0
Thermincola,3e-06,0.0
Candidatus_Nitrosotalea,3e-06,0.0
JdFR-76,3e-06,0.0
Syntrophococcus,3e-06,0.0
unidentified_37-13,3e-06,0.0
Sporosarcina,3e-06,0.0
unidentified_Candidatus_Zambryskibacteria,3e-06,0.0
Lamprocystis,3e-06,0.0
A2,3e-06,0.0
Salinispora,3e-06,0.0
unidentified_Roseiflexaceae,3e-06,0.0
Stella,3e-06,0.0
Terribacillus,3e-06,0.0
Thermanaerovibrio,3e-06,0.0
OLB15,3e-06,0.0
Paludisphaera,3e-06,0.0
Cnuella,3e-06,0.0
Alcanivorax,3e-06,0.0
Roseiarcus,3e-06,0.0
Geobacillus,3e-06,0.0
Caldibacillus,3e-06,0.0
Enteractinococcus,3e-06,0.0
Thermoflexus,3e-06,0.0
Occallatibacter,3e-06,0.0
Candidatus_Caldatribacterium,3e-06,0.0
Levilactobacillus,3e-06,0.0
unidentified_Propionibacteriaceae,3e-06,0.0
Polycyclovorans,3e-06,0.0
Cryptobacterium,3e-06,0.0
Crenalkalicoccus,3e-06,0.0
Abditibacterium,3e-06,0.0
unidentified_Rokubacteriales,3e-06,0.0
unidentified_Microgenomatia,3e-06,0.0
Taibaiella,3e-06,0.0
Pectinatus,0.0,0.0
Falsiporphyromonas,0.0,0.0
Dolosicoccus,0.0,0.0
unidentified_ABY1,0.0,0.0
horsej-a03,0.0,0.0
Agrilactobacillus,0.0,0.0
Dactylosporangium,0.0,0.0
unidentified_Desulfuromonadaceae,0.0,0.0
Pelosinus,0.0,0.0
Vampirovibrio,0.0,0.0
Leptolyngbya_PCC-6306,0.0,0.0
ADurb.Bin063-2,0.0,0.0
Chthoniobacter,0.0,0.0
Methanocorpusculum,0.0,0.0
Kouleothrix,0.0,0.0
Saccharopolyspora,0.0,0.0
