Phylum,Soil,Water
Proteobacteria,0.350692,0.494146
Firmicutes,0.126863,0.124179
Bacteroidota,0.107397,0.118788
Campylobacterota,0.047642,0.063238
unidentified_Bacteria,0.081223,0.054068
Desulfobacterota,0.064569,0.053898
Others,0.072827,0.046126
Verrucomicrobiota,0.003118,0.008373
Actinobacteria,0.018004,0.005376
Acidobacteriota,0.032016,0.004782
MBNT15,0.00207,0.004631
Sva0485,0.003346,0.003584
Actinobacteriota,0.006351,0.002185
Chloroflexi,0.01928,0.002075
Halobacterota,0.014907,0.001702
Spirochaetota,0.002935,0.001416
Gracilibacteria,0.000466,0.001373
Myxococcota,0.005158,0.001103
Cyanobacteria,0.000757,0.001103
Nitrospirota,0.003438,0.000982
Kryptonia,0.000644,0.000777
Synergistota,0.002817,0.000662
WPS-2,0.000153,0.000576
Methylomirabilota,0.004997,0.000391
Deferribacteres,0.000105,0.000378
Fusobacteriota,0.007273,0.000376
Nitrospinota,0.000627,0.000351
NB1-j,0.000135,0.000241
Kapabacteria,0.000216,0.000233
Latescibacterota,0.001464,0.000223
Bdellovibrionota,0.000807,0.000213
Deferrisomatota,0.000932,0.000198
Modulibacteria,0.000261,0.000175
Candidatus_Moranbacteria,2.5e-05,0.000168
Elusimicrobiota,0.000268,0.00016
Planctomycetota,0.0001,0.000143
Zixibacteria,0.000897,0.000135
Gemmatimonadetes,0.000286,0.00013
Hydrogenedentes,0.000163,0.000115
Euryarchaeota,0.000496,0.000113
unidentified_Archaea,0.0031,0.00011
SAR324_clade(Marine_group_B),0.00015,0.0001
Calditrichota,0.000115,9.5e-05
Fibrobacterota,8e-05,9.3e-05
Latescibacteria,0.000221,6e-05
TA06,0.000145,5.5e-05
Armatimonadota,6.5e-05,5.5e-05
Crenarchaeota,0.005258,5.3e-05
Caldisericota,0.001915,4.8e-05
Thermoplasmatota,0.000286,4.8e-05
Elusimicrobia,0.000376,4.5e-05
Sumerlaeota,7e-05,4.5e-05
Chlamydiae,3.5e-05,4.5e-05
LCP-89,0.000211,3.8e-05
GAL15,0.000719,3.5e-05
Candidatus_Peregrinibacteria,1.3e-05,2.8e-05
Deinococcota,0.000278,2.5e-05
WOR-1,3.3e-05,1.5e-05
Nanoarchaeota,0.000226,1.3e-05
Acetothermia,0.000105,1e-05
WS4,5.5e-05,1e-05
Margulisbacteria,3e-06,1e-05
WS2,2.5e-05,8e-06
Cloacimonadota,3e-06,8e-06
Candidatus_Nomurabacteria,0.0,8e-06
DTB120,0.000208,5e-06
Candidatus_Kaiserbacteria,0.000185,5e-06
Gemmatimonadota,7e-05,5e-06
Candidatus_Pacebacteria,2.8e-05,5e-06
Candidatus_Yanofskybacteria,1.8e-05,5e-06
FCPU426,1e-05,5e-06
Candidatus_Magasanikbacteria,3e-06,5e-06
Thermotogae,0.0,5e-06
Parcubacteria,0.0,5e-06
NKB15,3.3e-05,3e-06
Candidatus_Falkowbacteria,1.5e-05,3e-06
Berkelbacteria,8e-06,3e-06
Hadarchaeota,5e-06,3e-06
Dadabacteria,7.3e-05,0.0
FW113,3e-05,0.0
Edwardsbacteria,2e-05,0.0
Asgardarchaeota,1.5e-05,0.0
Entotheonellaeota,1.5e-05,0.0
Planctomycetes,1.3e-05,0.0
CK-2C2-2,8e-06,0.0
Candidatus_Yonathbacteria,8e-06,0.0
Schekmanbacteria,8e-06,0.0
Aenigmarchaeota,5e-06,0.0
Candidatus_Raymondbacteria,5e-06,0.0
Abditibacteriota,3e-06,0.0
Candidatus_Woesebacteria,3e-06,0.0
Caldatribacteriota,3e-06,0.0
Candidatus_Zambryskibacteria,3e-06,0.0
