Phylum,UpstrmS,MidstrmS,DownstmS,UpstrmW,MidstrmW,DownstmW
Proteobacteria,0.291814,0.295785,0.451907,0.497725,0.51773,0.463696
Firmicutes,0.109961,0.215256,0.030932,0.073763,0.117224,0.162773
Bacteroidota,0.072231,0.111961,0.12302,0.169631,0.087839,0.12542
Others,0.059682,0.06015,0.095926,0.046302,0.038244,0.055479
unidentified_Bacteria,0.089272,0.08474,0.072173,0.046256,0.056817,0.055458
Campylobacterota,0.011134,0.049203,0.067675,0.028338,0.090699,0.051226
Desulfobacterota,0.081272,0.053676,0.067619,0.09885,0.035426,0.049093
Verrucomicrobiota,0.006854,0.002713,0.001361,0.003438,0.011029,0.008147
Actinobacteria,0.022175,0.013614,0.020771,0.009122,0.004503,0.004175
Acidobacteriota,0.041765,0.029438,0.029262,0.003509,0.006526,0.003453
MBNT15,0.006924,0.00114,0.000274,0.003438,0.006321,0.003319
Sva0485,0.011473,0.001895,0.000211,0.003754,0.00424,0.002695
Gracilibacteria,0.000351,0.000561,0.000421,0.00083,0.001094,0.002035
Actinobacteriota,0.009672,0.006105,0.004652,0.001941,0.002801,0.001593
Chloroflexi,0.037531,0.018485,0.009284,0.001789,0.002871,0.001291
Halobacterota,0.018327,0.025221,0.000477,0.000538,0.002725,0.001172
Synergistota,0.003555,0.003573,0.001467,0.000374,0.000474,0.00106
Spirochaetota,0.006245,0.003041,0.000821,0.002538,0.001164,0.001046
Nitrospirota,0.007684,0.001602,0.003095,0.000643,0.001421,0.00066
Kryptonia,0.001988,0.000409,0.000119,0.00062,0.000959,0.000653
Myxococcota,0.011812,0.003555,0.003088,0.000585,0.001789,0.000589
Fusobacteriota,0.016502,0.000403,0.009979,9.4e-05,0.000392,0.000526
Cyanobacteria,0.001088,0.000982,0.000288,0.001462,0.001421,0.000505
WPS-2,0.000398,0.000111,5.6e-05,0.001111,0.000374,0.000498
Methylomirabilota,0.019298,0.001544,0.000561,0.000257,0.000462,0.000386
Candidatus_Moranbacteria,5.8e-05,0.0,3.5e-05,5.8e-05,9.4e-05,0.000323
Bdellovibrionota,0.001287,0.000509,0.000877,7e-05,0.000287,0.000211
Kapabacteria,0.000257,0.000187,0.000225,0.000292,0.000234,0.000196
Elusimicrobiota,0.000351,0.000327,0.000147,0.000105,0.000164,0.000189
Nitrospinota,0.002047,0.000368,8.4e-05,0.000175,0.000579,0.000182
NB1-j,0.000327,0.000134,2.1e-05,0.000187,0.000327,0.000168
Modulibacteria,0.00055,0.000316,2.1e-05,3.5e-05,0.000251,0.000168
Zixibacteria,0.002129,0.00086,0.000204,0.000129,0.000134,0.00014
Deferrisomatota,0.003134,0.00052,0.000105,0.000175,0.000263,0.000133
Latescibacterota,0.004842,0.000836,0.000189,9.4e-05,0.00038,0.000112
Fibrobacterota,0.000152,0.000105,7e-06,9.4e-05,8.2e-05,0.000105
Hydrogenedentes,0.000292,0.00017,7.7e-05,0.000164,0.000105,9.8e-05
Gemmatimonadetes,0.000901,0.000146,8.4e-05,8.2e-05,0.000187,9.1e-05
Calditrichota,0.000292,0.000117,7e-06,7e-05,0.000111,9.1e-05
Planctomycetota,0.000281,6.4e-05,3.5e-05,0.000187,0.000175,7.7e-05
SAR324_clade(Marine_group_B),0.000292,0.000134,8.4e-05,8.2e-05,0.000129,7.7e-05
Chlamydiae,3.5e-05,6.4e-05,0.0,0.0,4.1e-05,7.7e-05
Elusimicrobia,0.000655,0.000211,0.000407,2.3e-05,2.9e-05,7.7e-05
Latescibacteria,0.000749,0.000129,1.4e-05,3.5e-05,7e-05,6.3e-05
Sumerlaeota,0.000211,4.1e-05,2.1e-05,5.8e-05,3.5e-05,4.9e-05
Caldisericota,0.000772,0.00393,0.000182,9.4e-05,2.3e-05,4.9e-05
Deferribacteres,2.3e-05,0.0,0.000281,2.3e-05,0.000836,4.2e-05
unidentified_Archaea,0.010093,0.002175,1.4e-05,0.000164,0.00014,4.2e-05
Candidatus_Peregrinibacteria,2.3e-05,0.0,2.1e-05,0.0,2.9e-05,4.2e-05
Armatimonadota,0.000187,4.1e-05,2.1e-05,4.7e-05,7.6e-05,3.5e-05
TA06,0.000421,0.000129,0.0,1.2e-05,0.000105,2.1e-05
Crenarchaeota,0.021999,0.001246,2.8e-05,4.7e-05,8.2e-05,2.1e-05
Thermoplasmatota,0.001099,0.000117,0.0,3.5e-05,7.6e-05,2.1e-05
LCP-89,0.00055,0.000134,9.8e-05,1.2e-05,6.4e-05,2.1e-05
GAL15,0.003123,9.9e-05,2.1e-05,3.5e-05,4.7e-05,2.1e-05
Euryarchaeota,0.000573,0.000842,3.5e-05,0.000292,0.000105,1.4e-05
WOR-1,7e-05,4.1e-05,0.0,4.7e-05,0.0,1.4e-05
Candidatus_Kaiserbacteria,4.7e-05,2.9e-05,0.000456,0.0,0.0,1.4e-05
DTB120,0.000889,1.2e-05,3.5e-05,0.0,0.0,1.4e-05
Candidatus_Pacebacteria,4.7e-05,2.9e-05,1.4e-05,0.0,0.0,1.4e-05
FCPU426,4.7e-05,0.0,0.0,0.0,0.0,1.4e-05
Cloacimonadota,0.0,6e-06,0.0,0.0,1.2e-05,7e-06
Candidatus_Nomurabacteria,0.0,0.0,0.0,0.0,1.2e-05,7e-06
WS4,0.000246,6e-06,0.0,3.5e-05,0.0,7e-06
Deinococcota,8.2e-05,0.000269,0.000407,2.3e-05,4.7e-05,0.0
Acetothermia,0.000246,0.000123,0.0,0.0,2.3e-05,0.0
Margulisbacteria,1.2e-05,0.0,0.0,0.0,2.3e-05,0.0
WS2,0.000105,6e-06,0.0,0.0,1.8e-05,0.0
Gemmatimonadota,0.000211,4.7e-05,1.4e-05,0.0,1.2e-05,0.0
Candidatus_Yanofskybacteria,3.5e-05,2.3e-05,0.0,0.0,1.2e-05,0.0
Candidatus_Magasanikbacteria,0.0,6e-06,0.0,0.0,1.2e-05,0.0
Parcubacteria,0.0,0.0,0.0,0.0,1.2e-05,0.0
Berkelbacteria,3.5e-05,0.0,0.0,0.0,6e-06,0.0
Hadarchaeota,2.3e-05,0.0,0.0,0.0,6e-06,0.0
Nanoarchaeota,0.000374,0.000146,0.000232,5.8e-05,0.0,0.0
Thermotogae,0.0,0.0,0.0,2.3e-05,0.0,0.0
Candidatus_Falkowbacteria,1.2e-05,1.8e-05,1.4e-05,1.2e-05,0.0,0.0
NKB15,0.00014,6e-06,0.0,1.2e-05,0.0,0.0
Planctomycetes,2.3e-05,6e-06,1.4e-05,0.0,0.0,0.0
FW113,1.2e-05,5.8e-05,7e-06,0.0,0.0,0.0
Entotheonellaeota,5.8e-05,0.0,7e-06,0.0,0.0,0.0
Abditibacteriota,0.0,0.0,7e-06,0.0,0.0,0.0
Candidatus_Zambryskibacteria,0.0,0.0,7e-06,0.0,0.0,0.0
Edwardsbacteria,4.7e-05,2.3e-05,0.0,0.0,0.0,0.0
Candidatus_Yonathbacteria,0.0,1.8e-05,0.0,0.0,0.0,0.0
Dadabacteria,0.000327,6e-06,0.0,0.0,0.0,0.0
Caldatribacteriota,0.0,6e-06,0.0,0.0,0.0,0.0
Asgardarchaeota,7e-05,0.0,0.0,0.0,0.0,0.0
CK-2C2-2,3.5e-05,0.0,0.0,0.0,0.0,0.0
Schekmanbacteria,3.5e-05,0.0,0.0,0.0,0.0,0.0
Aenigmarchaeota,2.3e-05,0.0,0.0,0.0,0.0,0.0
Candidatus_Raymondbacteria,2.3e-05,0.0,0.0,0.0,0.0,0.0
Candidatus_Woesebacteria,1.2e-05,0.0,0.0,0.0,0.0,0.0
