Category,DeulS,NbbS,AbbS,BsbS,MdcS,KrcS,BsgS,JjfS,BbbS,CmbS,PgbS,HnbS,PaglaS,FatulS,DeulW,NbbW,AbbW,BsbW,MdcW,KrcW,BsgW,JjfW,BbbW,CmbW,PgbW,HnbW,PaglaW,FatulW
Cell_Motility,0.0377956420357103,0.0372495828173085,0.0337517869444956,0.0418268902131889,0.038131507703434,0.0456777497348111,0.0330480671576099,0.0348064276268703,0.0300298518549049,0.0475408164590335,0.0471951420495871,0.0434235781255985,0.0429081910415049,0.040004735257196,0.0467241415591823,0.0470078343957414,0.0313459369872369,0.0452420545853327,0.043644741698686,0.0402937299626846,0.0434586609497856,0.039288520550129,0.0372192207981458,0.043439796097185,0.0458388314008093,0.0437078951678747,0.0410103089078248,0.0360207009915735
Biosynthesis_of_Other_Secondary_Metabolites,0.00804594605986318,0.00960193356689383,0.00859526336441393,0.00835159029018938,0.00854658536947647,0.00862030066937342,0.00885136605142528,0.00946575749715878,0.0102952892405146,0.00819500964108397,0.00826122215611462,0.00865989141345763,0.0084670844019939,0.00848765257023348,0.0079791348760255,0.0078943170654344,0.00889404054357556,0.00770450220377755,0.0078009795112151,0.00737461502075997,0.00779958935960099,0.00748318142008366,0.00824907520364227,0.00760283212197186,0.00768687962491623,0.00778834202155924,0.0075473261847616,0.00806921505088073
Poorly_Characterized,0.0547181733469047,0.0536714269843819,0.0515036155719115,0.0528237700578236,0.0534112159186149,0.0522864771937525,0.0529608266467638,0.0538183894593335,0.0531461474809077,0.0530314344726999,0.0527124065280132,0.0518420938335489,0.0524599146392885,0.0515812224033568,0.0519422052872548,0.0499163037480471,0.0508322912669946,0.050400780521882,0.050302892621494,0.0525717349030325,0.0522213332999987,0.0525336413739594,0.0513162188161228,0.0519973571189351,0.0510317544018449,0.0515557394194171,0.0505424011374445,0.0520287489305777
Metabolism_of_Cofactors_and_Vitamins,0.0421270940927206,0.0429115362832768,0.0428972035587713,0.0424537089739022,0.0423612812485435,0.0428215808917663,0.0376649814037989,0.0452114585825452,0.0427292670570568,0.0457186003933796,0.042509559609164,0.0427694949731628,0.0420660604059221,0.042099363124349,0.0442726020491379,0.0435174490070484,0.0429348442577999,0.0388231243146581,0.0389263861865406,0.0407333578598833,0.0432505672087703,0.043454389542801,0.0413144563615257,0.0427189544669395,0.0453669975610587,0.043317663740885,0.0392555149634552,0.0401241105081403
Translation,0.0458191838224154,0.0498171125044991,0.0481260347459323,0.0461771898108441,0.0463377594011329,0.0466221880829584,0.0364338172099947,0.0499537954969232,0.0465271276027002,0.0499794608878302,0.0450517125819825,0.0454827458258955,0.0441776686890632,0.0438577219631258,0.0456592898047374,0.0419861862305241,0.0440562580350137,0.0391669060160029,0.0404646101345919,0.043108466915436,0.0460096159855995,0.0486446043886157,0.0466028835332587,0.0455848624323194,0.0507864174135596,0.0465620268620318,0.0417032726537913,0.0411598397874746
Circulatory_System,0.000204358758984213,0.000273069576862354,0.00048540680193234,0.00051325644794894,0.000436420654057327,0.000634405062365119,0.00010292587001957,0.000368889437690862,0.000299135214935411,0.000438949720308331,0.000769378331323429,0.00067389389837567,0.000723178044951356,0.000685264060466604,0.000507764717364232,0.000726863434160906,0.000504877426251364,0.000672516792553256,0.0006270616057849,0.000617270194986072,0.000572951173168994,0.000534784726752409,0.000404517791437621,0.00051846992235123,0.000483355906896715,0.000571035967283932,0.000574521830824229,0.00056199208085011
Replication_and_Repair,0.0686426583535097,0.0707378730264498,0.0746211624033238,0.0705531553131066,0.0698188364289857,0.0723814623797505,0.0630740211675365,0.0740379766118644,0.0705429541062266,0.0769768105950199,0.0726814689805547,0.0733448023206236,0.0718498902062154,0.0715182007338004,0.0722421674862934,0.0692759060227977,0.0711605839441414,0.0638929511676039,0.0655298249470953,0.068005003416198,0.0716981183669388,0.0735115162452179,0.0740593661661886,0.0710105028375481,0.0782463579887578,0.0729513061727154,0.0678241447331299,0.0669261235124424
Cancers,0.00103667903506843,0.00100536351176414,0.00141342645175137,0.00128151439796152,0.00137417360158697,0.00130272504480778,0.0011002264433833,0.00138009528797955,0.00140899445171417,0.00139138705247793,0.00150725100242755,0.00155240027720589,0.00173285249335307,0.00175362358158084,0.00138064044070873,0.00197127826212418,0.00197879067093351,0.00108550130390908,0.00112196084656405,0.00134263940715825,0.00130196288610823,0.00124511793414355,0.00129011676507859,0.00118771455376342,0.00111852283362301,0.00122169043335966,0.00140025362278317,0.00155853236909771
Carbohydrate_Metabolism,0.0986188117097508,0.103797030106719,0.0978887754102032,0.0959053936893053,0.09818546187568,0.0935989465598595,0.112138349965684,0.097145932409892,0.104519606996392,0.0927814328152126,0.0913808701742047,0.0937639319974298,0.0939698932623475,0.094769694682783,0.0911304137363115,0.0929540330447059,0.0987521873937035,0.0917687243828926,0.0929618908557212,0.092499332527461,0.0915479252346963,0.0911768466724894,0.0954125965288506,0.0913623837141348,0.0883450865338383,0.0909583499305989,0.0943398650855477,0.0962210448847056
Amino_Acid_Metabolism,0.0944733487416455,0.0999122357655578,0.0987983289133347,0.0967498507182988,0.0983207485223724,0.0996416255166612,0.101022550081264,0.100428230515172,0.100755575974822,0.0946770098583423,0.0985095059653019,0.100282423045437,0.10127609500479,0.10165666590212,0.0943946354654115,0.0998551732065862,0.107536228650924,0.10138965446692,0.101089205666132,0.099549398223577,0.0978791001537558,0.0983608010115831,0.0975895331858385,0.0962835653026207,0.0920309542928939,0.0960099118782455,0.101144902907162,0.103485310270429
Metabolism_of_Terpenoids_and_Polyketides,0.0181225200754361,0.0187552468804917,0.0197860547491366,0.0192033665403783,0.0189736278111375,0.0194013533779582,0.0179214576632127,0.0191590562335982,0.0185228315667017,0.0177931362449481,0.0200019833402786,0.0201895155750245,0.0201071116770141,0.0213870521955234,0.0190078642358931,0.0203277061666469,0.021272318131522,0.0210095614394405,0.0206675175756138,0.0193294581384349,0.0200422750228134,0.0196939869708833,0.0181871923704424,0.0195298124098692,0.0181888286189048,0.0198012617455931,0.0204014470900172,0.0207103020564945
Cellular_Processes_and_Signaling,0.0441898460471878,0.038019629585852,0.0394131550530312,0.0415850394735202,0.0414050552884291,0.0414677640001463,0.0478109750547412,0.0389650845622937,0.0352050722406667,0.0410891304099651,0.0435326006251195,0.0419100437065137,0.0437341459149647,0.0419262631668512,0.0433407213111362,0.0426790900159839,0.0424871664604534,0.0397803670381363,0.0398521777828046,0.0461304882535344,0.0430296995512332,0.0438043787907575,0.0440500615874498,0.0443893202163025,0.0436646380908329,0.043510481604035,0.04286004488603,0.0437777847557232
Cell_Growth_and_Death,0.00472503981343262,0.00515209589575066,0.00566788106483617,0.00527602422863587,0.00530325703797024,0.00585794652328176,0.00375617967635216,0.00554403705218626,0.00520302261049024,0.00596091287889621,0.00590709226781348,0.00592022623280498,0.00581847917786209,0.00615481495913785,0.00541126320438198,0.00600311375066801,0.00570147529113048,0.00415051608278233,0.00425159185154919,0.00446544384296,0.00531992605972724,0.00502314278015334,0.00500824612136912,0.00499732711972684,0.00554273711168558,0.00522043379141316,0.00481219761967566,0.00492251961210758
Environmental_Adaptation,0.00133710413857663,0.00138930427801231,0.0013941940749108,0.0014278166296048,0.00138038818253044,0.00151256446834193,0.00146457496629356,0.00141482416284118,0.00137990315140308,0.00147953791685659,0.00149545743977862,0.00148393328792084,0.00149027999732748,0.00146168182195597,0.00142664198057183,0.00136635218339277,0.00134843686575521,0.00132007186771252,0.00133344558452463,0.00155084879381931,0.00137907515281823,0.00146507127051587,0.00149783040854485,0.00138779124026399,0.00149916625906922,0.00143337485723597,0.00146512963200568,0.00138354485063206
Transcription,0.0245435297452487,0.0245766505497229,0.0220371623156671,0.0228796895652947,0.0234441651487325,0.022076067156809,0.0295166294501126,0.0223720643614971,0.0220100597368077,0.0208990124945514,0.0213697333445159,0.0217515748228877,0.0220983607815131,0.0215541015466041,0.0215573492738223,0.0218892469850973,0.0230715590901307,0.0229464573481222,0.0231909235242179,0.0235261050086719,0.0216908524694676,0.0221361095518842,0.0253853326362284,0.0225332987112963,0.0232426044937308,0.0220126806669716,0.0231596042821056,0.0235839489963954
Glycan_Biosynthesis_and_Metabolism,0.0231041239664806,0.0234440655404737,0.0216355427809664,0.0218855741205051,0.0218309350571169,0.022129938915103,0.0112737144342114,0.0223611591592458,0.021250829058509,0.0235633890433458,0.0209554423366053,0.020608070970174,0.0203990106571419,0.0199437194952019,0.0236324521708078,0.0192375379673633,0.0204277165935159,0.0184167898831348,0.0188327783002685,0.0207847795238346,0.0221893086615748,0.0226291864640322,0.0217164338552759,0.0223133045177004,0.0226833171263176,0.0232707738873738,0.0191516806750674,0.0198015564366254
Immune_System,0.000524376139565234,0.000405565367282606,0.000509926166828686,0.000531955188229191,0.000553063557919297,0.000542258312301108,0.000701332091063583,0.000640345087575485,0.000703242990155051,0.000683277082725016,0.000585870496505955,0.000598231961560188,0.000585268484084936,0.000510125311676108,0.000611547826675426,0.000550178046946961,0.000643901085708395,0.000513614152557377,0.000548487851371521,0.000678320281704946,0.000610804155155818,0.000659811847668227,0.000683674845834453,0.000626417892904794,0.000720492505051025,0.000625257172790243,0.000590010388958223,0.000610774763521698
Energy_Metabolism,0.0600722138933819,0.0633721841452201,0.0591107102194951,0.0616108081184588,0.060711402202386,0.0615705914627455,0.0474006948110806,0.0625784545415805,0.0610119124868188,0.0673276059202073,0.0609800645997448,0.0603999418359127,0.0585550121366168,0.058443530824798,0.0634014475384247,0.0617829793098143,0.0574208625572812,0.0533161989456414,0.0538246125875654,0.0563002470173963,0.0619837697038639,0.0613448265814594,0.0572090005307056,0.060162059657114,0.0638649497471789,0.0615268377027898,0.0543845060632835,0.0543857171668561
Genetic_Information_Processing,0.0274277207735569,0.0271728240890616,0.0263581257060332,0.0269815287953066,0.026968447172562,0.0265417754855701,0.0312293004010227,0.0266002629328149,0.0264447236202789,0.0276799598719376,0.0258527697704167,0.0257693123726223,0.0251886026730926,0.0253458916300219,0.0271935516187963,0.025365413754521,0.0238970168926869,0.0216155136522764,0.0219860531741878,0.0235763914437378,0.0267409637236396,0.0264117384862231,0.0261351339908569,0.0267254421645593,0.0291606392069164,0.0263644867148573,0.0240091815418611,0.0234810026675065
Xenobiotics_Biodegradation_and_Metabolism,0.0259980652855629,0.0259049951051786,0.0304882977882996,0.0284746197820069,0.0283613669551268,0.0308444346903691,0.0265295149797897,0.0275075338170322,0.0263970278237209,0.0241456084373127,0.0344584650435602,0.0341853640574458,0.0352771953402297,0.0374959696877772,0.0264422513936614,0.0376820070545933,0.0381748470691501,0.0449829281857189,0.0431332792726772,0.0333037473064592,0.0320173334625048,0.0302649915151568,0.0277098822503099,0.0306364864796191,0.0218542473038363,0.0297532112760918,0.0373968251534687,0.0388045708028422
Metabolic_Diseases,0.000751475388630849,0.000774849151058137,0.000822318200211188,0.000774559356993473,0.000774022641903724,0.000743875050294451,0.000586114633800946,0.000843517394133135,0.000961615544774316,0.000868366436591734,0.000697168032018646,0.000717392119975192,0.000700289021868288,0.000697463924492378,0.000855747490416754,0.000787514731981248,0.000772503760142272,0.000770827110419708,0.000795843894443413,0.00072885898985652,0.000821202670100129,0.000817107139236434,0.000814746329614456,0.000818625934626971,0.00103579231546631,0.000833313411911484,0.000679957127168414,0.000691560018860277
Metabolism_of_Other_Amino_Acids,0.0160044145893326,0.0156101582437782,0.0176770828759897,0.0167271533243278,0.0170020690798476,0.0180166355755514,0.0165109009882242,0.0171280881435621,0.0164412880596517,0.01560850910447,0.0183968457678649,0.0183648571691213,0.0190993553031725,0.0194002500807707,0.0163412430580845,0.0187694978370878,0.0200047789865391,0.0211956291539987,0.0207682691543178,0.0196402585799128,0.0176605060189757,0.0179609935610551,0.0167431611346269,0.0175097837581664,0.0154994639643717,0.0176256409137978,0.0194154574176496,0.0200689761644202
Nervous_System,0.000602622987157155,0.000675331571201317,0.000680603933411841,0.000656750443872478,0.000691355056935976,0.000674699147737664,0.000921028039892282,0.000704392179258708,0.000676834360651086,0.00061183839824191,0.000635841506244169,0.00064573832744607,0.000641659876149926,0.000678457128247371,0.000619657520633054,0.000559921609705122,0.00072078479743477,0.000373787946992677,0.000419132805896219,0.000620339517527724,0.000584865682463092,0.000646856417958537,0.000809193120716325,0.00061051667324846,0.000714160558241039,0.000626426254544654,0.000636538897267441,0.000597180750353418
Metabolism,0.0277846303201705,0.0253523324838761,0.0260294129703916,0.0267624521623894,0.0264525686621561,0.025710581952522,0.0255950308864945,0.0256010947480882,0.025566236030645,0.0269394455345938,0.0277266657876531,0.0272769659898444,0.0265653965922848,0.0272147398033717,0.0274458609764952,0.0262142780200903,0.0249541293326837,0.0275018403105875,0.0272982815367804,0.0254346770378935,0.026137425465955,0.025109308428085,0.0264280756063484,0.0267124916866948,0.026902521651106,0.0261079740526739,0.0258588232692055,0.0258643801064503
Nucleotide_Metabolism,0.0327437993728821,0.0343822828616626,0.0342951207459955,0.0330833455594328,0.0331664672821947,0.0323933135813307,0.0318035762955317,0.0351463343924242,0.0332576622739732,0.0347752609993311,0.0318682954228139,0.0322993021952212,0.0317281180459807,0.0318118524474127,0.0325649305093608,0.0302066631877599,0.0321682684942862,0.0283634109464929,0.0292099725596993,0.0318194986072423,0.0324596156730877,0.0346523068491119,0.0331361944174497,0.0324142674267122,0.0355501963526326,0.0332098232054101,0.0298956504735729,0.030196232766181
Endocrine_System,0.00321729030372095,0.00341332807162468,0.00364258152439803,0.00330950579571907,0.00338619540110766,0.00382706024360803,0.00288464144825433,0.0035183957340191,0.00367149629866334,0.00359413866974422,0.00360296708514383,0.00373808735165677,0.00359539879487375,0.00377501938084868,0.00356267244897167,0.00394734896065384,0.003960476059929,0.00471074863437517,0.00457727210952065,0.00367986545435434,0.00407019169468855,0.0035416966170676,0.00338119529867698,0.0038648979920366,0.00355715277472137,0.00394500591051453,0.00435800272121085,0.00412857968157369
"Folding,_Sorting_and_Degradation",0.0244826744821411,0.0244893193624901,0.0246523058278929,0.0249883321230522,0.0246414963618238,0.0256978528841582,0.0193434649221066,0.025310135563408,0.0242527725315692,0.0268648291821024,0.0257187948987248,0.0254102877762178,0.0248806238345699,0.0241057803843615,0.0252529228280824,0.023886010852742,0.0233264872607897,0.0219697902917126,0.0220599792551564,0.0231800704262364,0.0250637523907147,0.0254805850363824,0.0239898624399264,0.0248981543274022,0.0262937205356869,0.0251459003951214,0.0225524402364716,0.0225307669866133
Lipid_Metabolism,0.0316057050876926,0.0323808274899257,0.0341003450411002,0.0324075881542864,0.0327734121105451,0.0347909433410147,0.0341999829599785,0.0328518378956785,0.0346902781647424,0.0313155651476668,0.033809145180003,0.0345570701595432,0.0352786338961497,0.0357263646131599,0.0317631194748777,0.0352996583532389,0.0373447191214538,0.0400414938541266,0.0390715557987041,0.0348002732958428,0.0343660934160031,0.0333299379511975,0.0334526485557226,0.033588375782213,0.0308536564605372,0.0332819837688721,0.0376298446984582,0.0378797530944877
Enzyme_Families,0.0195117072719411,0.019960061943517,0.0192185080748015,0.0192810382307731,0.019047451569378,0.0191066242364388,0.0207430885537052,0.0193265349743258,0.0187528444585027,0.0194301452653276,0.019100146452461,0.0190787010957938,0.0190899567378283,0.0187516513798424,0.0189614082735238,0.0182206845236867,0.0185912688587505,0.0182054995273074,0.0182729675934575,0.0186242287275976,0.0187878139180219,0.0189854357370953,0.0195939265223817,0.0189668764480151,0.0202729733410507,0.0193243167029572,0.0183019777474974,0.0183617238752184
Transport_and_Catabolism,0.00253898794365848,0.00290510830816061,0.00292914462892968,0.00265076903877653,0.00282203437721789,0.00293702037382494,0.00222490667612386,0.00313390346849185,0.00298215442087252,0.00273436370591569,0.00309442866372162,0.00313571583124346,0.00315798189145808,0.0031403633816642,0.00265844157269617,0.00287295454212206,0.00376232295952578,0.00314491546776736,0.00320733137110016,0.00315417038944658,0.00302011325424703,0.0027991434004728,0.0028980267400793,0.00291750496421324,0.00248835129391776,0.00294040186499984,0.00338721885439461,0.00354212545723587
Membrane_Transport,0.123618098777048,0.109360271016489,0.11747457590885,0.115913799218269,0.117738172534181,0.103364161088555,0.14848981354115,0.109379262466072,0.128975391512287,0.0983912329944252,0.099531670888032,0.101893105683003,0.103327827393749,0.106300736513354,0.112231452902708,0.105677443893424,0.107273079480969,0.127244572268796,0.126857591636134,0.124257234456299,0.108885958223433,0.111144149864943,0.122748365791052,0.115385110327416,0.109736167498885,0.111165202418645,0.125967437961256,0.121612962231406
Neurodegenerative_Diseases,0.00218599073942446,0.00241482114067633,0.00338968726239682,0.00325861508499297,0.00315659736669084,0.0037622444127437,0.00188824657079272,0.00287037506178216,0.00244551573980448,0.00305193435440045,0.0045117453269777,0.00423325743923078,0.00462543680152116,0.00448830037972488,0.00309210046596484,0.00466748394105341,0.00425990569626094,0.00357454112405252,0.00346005251371914,0.00352501182530089,0.00334965686213233,0.00315568260545732,0.0027240655790648,0.00304090334664938,0.00263372656453063,0.00312870465378793,0.00354348678169377,0.00390470327720859
Signaling_Molecules_and_Interaction,0.00134505108403519,0.00159497394304974,0.00168367582671828,0.00137757660764303,0.00147722637789125,0.00158150627308973,0.00171260625834575,0.00161149529113367,0.00150180789366478,0.00133458133302074,0.00147685730668658,0.0015273000949536,0.00168509243680823,0.00161574209947822,0.00141377832808732,0.00155027383219909,0.00193834181054734,0.00154461135809167,0.00156065131185574,0.00164910916066642,0.00153994056027101,0.00146415620298991,0.00166257560585608,0.00149336222437408,0.00148338829324761,0.00151170333478152,0.0018014167035397,0.00182124375378991
Infectious_Diseases,0.00485753984636659,0.00440872594568489,0.00431736210864699,0.00471848669793534,0.00467496973379569,0.00433669117378105,0.00345354785991498,0.00447448836985346,0.0043027252555932,0.00433586915163443,0.00436200077722947,0.00427143337087629,0.00456146901494404,0.00431046516503111,0.00458309566453664,0.00493566995182364,0.00446925170650384,0.00397610296798299,0.00396583791578859,0.00413984338045935,0.00420785310699151,0.00419929303809402,0.00423469593719754,0.00423070800918205,0.00436338606772401,0.00428033080821081,0.0039012002155957,0.00420444418735396
Signal_Transduction,0.0260503317345404,0.0238829977504308,0.0232808304770189,0.0264284775924023,0.0251607894771437,0.0263935330480266,0.0242018118187752,0.0231350510313134,0.0216850384905775,0.0277009089425109,0.0287433719756714,0.0270998191538439,0.0269823220658174,0.0261222436240502,0.0291546294222913,0.0291778762600537,0.0225709272503702,0.0279409172094632,0.0271679283332498,0.0278638145792821,0.0270898439941498,0.0258355830750074,0.025244887650904,0.0273604663876904,0.0262749323000703,0.0274966416110946,0.0273581659637019,0.0256651428509527
