Sample_ID,Raw_PE_reads,Merged_reads,Quality_filtered_reads,Non_chimeric_reads,Bases_nt,Mean_length_nt,Q20_pct,Q30_pct,GC_pct,Effective_pct,Total_tags,Taxon_tags,Unclassified_tags,Unique_tags,OTUs
DeulS,79932.0,79669,79219.0,57355.0,23969546.0,418.0,99.01,96.49,54.97,71.75,57355,49590,259,7506,3983
NbbS,82711.0,76083,75325.0,65366.0,26752238.0,409.0,98.94,96.33,56.04,79.03,65366,58097,765,6504,3661
AbbS,84611.0,83702,83111.0,62719.0,26384016.0,421.0,98.26,94.14,54.11,74.13,62719,59383,20,3316,2503
BsbS,54065.0,52683,52387.0,37292.0,15244431.0,409.0,99.04,96.54,54.02,68.98,37292,31025,437,5830,2602
MdcS,64278.0,60403,59693.0,47472.0,18110140.0,381.0,98.87,96.16,53.32,73.85,47472,31973,1860,13639,3272
KrcS,87049.0,73161,72013.0,65820.0,24400504.0,371.0,97.93,93.99,54.24,75.61,65820,34805,3738,27277,3630
BsgS,78752.0,77244,76223.0,68351.0,28641983.0,419.0,98.6,95.36,56.02,86.79,68351,62408,840,5103,1954
JjfS,87339.0,86478,85678.0,63722.0,26071426.0,409.0,98.95,96.32,52.59,72.96,63722,56551,723,6448,2404
BbbS,75403.0,70036,69139.0,58964.0,24531062.0,416.0,97.8,93.12,53.23,78.2,58964,55149,102,3713,1633
CmbS,75787.0,74819,74374.0,53795.0,22558957.0,419.0,98.97,96.34,53.32,70.98,53795,50587,137,3071,1759
PgbS,69311.0,66637,66300.0,50008.0,21122890.0,422.0,98.98,96.4,53.84,72.15,50008,46745,70,3193,1384
HnbS,92172.0,89567,88818.0,66165.0,27777647.0,420.0,99.0,96.46,54.17,71.78,66165,62842,192,3131,1792
PaglaS,80756.0,78979,77879.0,64641.0,27064505.0,419.0,97.61,92.61,53.63,80.04,64640,58434,495,5711,1581
FatulS,87481.0,86408,85775.0,64001.0,26965910.0,421.0,98.23,94.08,54.24,73.16,64001,61279,2,2720,1968
DeulW,83453.0,83137,82329.0,62458.0,25913911.0,415.0,98.5,95.07,53.81,74.84,62458,55242,547,6669,2516
NbbW,82697.0,81568,81092.0,61440.0,25730326.0,419.0,98.61,95.31,54.41,74.3,61440,56996,285,4159,1698
AbbW,55745.0,54979,54749.0,37345.0,15686169.0,420.0,99.03,96.5,53.21,66.99,37345,33098,0,4247,1388
BsbW,79223.0,77138,76296.0,62602.0,25272735.0,404.0,98.43,94.9,54.0,79.02,62602,48541,1719,12342,2785
MdcW,71599.0,69895,69122.0,51160.0,20254261.0,396.0,98.45,95.01,53.64,71.45,51160,37725,1619,11816,2601
KrcW,90380.0,87760,87362.0,66902.0,27925017.0,417.0,98.9,96.13,51.19,74.02,66902,63767,80,3055,1284
BsgW,74440.0,71995,71720.0,59217.0,24724834.0,418.0,98.64,95.35,53.67,79.55,59217,53952,298,4967,2422
JjfW,80194.0,77942,77611.0,63912.0,26835524.0,420.0,98.58,95.18,52.09,79.7,63912,60544,6,3362,2326
BbbW,52607.0,47809,47321.0,32320.0,13179126.0,408.0,98.63,95.53,52.92,61.44,32320,28005,496,3819,1522
CmbW,91585.0,90345,89654.0,67467.0,28470709.0,422.0,98.61,95.28,53.44,73.67,67467,64151,18,3298,2238
PgbW,84737.0,82226,81602.0,69557.0,28918570.0,416.0,98.89,96.22,53.77,82.09,69557,68137,0,1420,1484
HnbW,84980.0,84833,84379.0,65750.0,27700580.0,421.0,98.58,95.2,53.3,77.37,65750,61902,37,3811,2292
PaglaW,85228.0,82789,82328.0,67005.0,27129942.0,405.0,98.71,95.72,53.44,78.62,67005,55271,1344,10390,2150
FatulW,84303.0,81568,80812.0,65751.0,25544083.0,388.0,97.85,93.59,52.47,77.99,65751,45300,2315,18136,2267
