Sample_ID,SRA_run,SRA_experiment,SRA_sample,BioSample,SRA_sample_name,Read_pairs
DeulS,SRR36738824,SRX31737833,SRS27705792,SAMN54501235,Turag first set of soil samples,79932
NbbS,SRR36738823,SRX31737834,SRS27705793,SAMN54501236,Turag second set of soil samples,82711
AbbS,SRR36738812,SRX31737845,SRS27705805,SAMN54501237,Turag third set of soil samples,84611
BsbS,SRR36738803,SRX31737854,SRS27705813,SAMN54501238,Buriganga first set of soil samples,54065
MdcS,SRR36738802,SRX31737855,SRS27705814,SAMN54501239,Buriganga second set of soil samples,64278
KrcS,SRR36738801,SRX31737856,SRS27705815,SAMN54501240,Buriganga third set of soil samples,87049
BsgS,SRR36738800,SRX31737857,SRS27705816,SAMN54501241,Buriganga forth set of soil samples,78752
JjfS,SRR36738799,SRX31737858,SRS27705817,SAMN54501242,Buriganga fifth set of soil samples,87339
BbbS,SRR36738798,SRX31737859,SRS27705819,SAMN54501243,Buriganga sixth set of soil samples,75403
CmbS,SRR36738797,SRX31737860,SRS27705818,SAMN54501244,Buriganga seventh set of soil samples,75787
PgbS,SRR36738822,SRX31737835,SRS27705795,SAMN54501245,Buriganga eight set of soil samples,69311
HnbS,SRR36738821,SRX31737836,SRS27705794,SAMN54501246,Buriganga ninth set of soil samples,92172
PaglaS,SRR36738820,SRX31737837,SRS27705796,SAMN54501247,Buriganga tenth set of soil samples,80756
FatulS,SRR36738819,SRX31737838,SRS27705797,SAMN54501248,Buriganga eleven set of soil samples,87481
DeulW,SRR36738818,SRX31737839,SRS27705798,SAMN54501249,Turag first set of water samples,83453
NbbW,SRR36738817,SRX31737840,SRS27705800,SAMN54501250,Turag second set of water samples,82697
AbbW,SRR36738816,SRX31737841,SRS27705799,SAMN54501251,Turag third set of water samples,55745
BsbW,SRR36738815,SRX31737842,SRS27705801,SAMN54501252,Buriganga first set of water samples,79223
MdcW,SRR36738814,SRX31737843,SRS27705802,SAMN54501253,Buriganga second set of water samples,71599
KrcW,SRR36738813,SRX31737844,SRS27705803,SAMN54501254,Buriganga third set of water samples,90380
BsgW,SRR36738811,SRX31737846,SRS27705804,SAMN54501255,Buriganga forth set of water samples,74440
JjfW,SRR36738810,SRX31737847,SRS27705806,SAMN54501256,Buriganga fifth set of water samples,80194
BbbW,SRR36738809,SRX31737848,SRS27705807,SAMN54501257,Buriganga sixth set of water samples,52607
CmbW,SRR36738808,SRX31737849,SRS27705808,SAMN54501258,Buriganga seventh set of water samples,91585
PgbW,SRR36738807,SRX31737850,SRS27705809,SAMN54501259,Buriganga eight set of water samples,84737
HnbW,SRR36738806,SRX31737851,SRS27705810,SAMN54501260,Buriganga ninth set of water samples,84980
PaglaW,SRR36738805,SRX31737852,SRS27705812,SAMN54501261,Buriganga tenth set of water samples,85228
FatulW,SRR36738804,SRX31737853,SRS27705811,SAMN54501262,Buriganga eleven set of water samples,84303
