Genus,Mean sediment (%),Mean water (%),"Difference, sediment − water (%)",Welch t-test p,Mann–Whitney U p,Mann–Whitney U q (BH),Higher in
C39,0.0841509476516863,4.774316876521653,-4.690165928869967,0.04992566520449394,7.4678435688707155e-06,0.00031439094222165134,Water
Saccharofermentans,0.07321413720365262,1.7309177713394506,-1.657703634135798,0.0010029720289236274,7.4678435688707155e-06,0.00031439094222165134,Water
Succinivibrio,0.008198915346095433,0.2250603167265275,-0.21686140138043206,0.0036338635420055357,9.226138963333514e-06,0.00031439094222165134,Water
Anaerovorax,0.15538031776547534,2.4788923665057183,-2.323512048740243,0.10440738265303652,1.4115569156153118e-05,0.00031439094222165134,Water
Syntrophorhabdus,0.19238369977983427,0.007760774537269299,0.18462292524256496,0.0017886787426889086,2.1306338956812924e-05,0.00031439094222165134,Sediment
Syntrophus,0.3435627906799694,0.02311765812586366,0.3204451325541058,0.0014865799534200584,2.1361748059114528e-05,0.00031439094222165134,Sediment
Erysipelothrix,0.057418152910899176,0.44527648306178735,-0.38785833015088816,1.056620723845326e-05,2.1361748059114528e-05,0.00031439094222165134,Water
Desulfoprunum,1.487911729782758,0.009392760253883286,1.4785189695288747,0.1667125444381554,2.613268342777333e-05,0.00031439094222165134,Sediment
Thiobacillus,4.674426537359925,0.16903473558955318,4.505391801770372,0.011312859617345251,2.6199245185137612e-05,0.00031439094222165134,Sediment
Candidatus_Competibacter,0.5419171818430437,0.016892615915656155,0.5250245659273876,0.0048888974370107485,3.2067382868739144e-05,0.0003463277349823828,Sediment
TPD-58,0.3020378809622756,0.004819964324864824,0.29721791663741076,0.25763466108043115,3.5937793808055094e-05,0.0003525365868903031,Sediment
Pseudarcobacter,0.010960787338671342,0.26952032052607344,-0.2585595331874021,0.00878514101224458,3.917073187670034e-05,0.0003525365868903031,Water
Prevotella_9,0.122349671010885,2.720672676812845,-2.59832300580196,0.012988885141623401,4.775116665910044e-05,0.00039670199993714205,Water
Acidovorax,0.1283118901375493,0.9196604488798584,-0.7913485587423091,0.009897396796806795,7.053487010253718e-05,0.0005441261407910012,Water
Georgenia,0.48695203492162753,0.007604376831214107,0.4793476580904134,0.029856692081037643,7.897887847172423e-05,0.0005686479249964145,Sediment
Limnobacter,0.2426537553957382,0.010894887744687524,0.23175886765105067,0.01203096621091262,0.00015023322950336317,0.0009013993770201791,Sediment
Phenylobacterium,0.472188840422998,0.017999066835257167,0.4541897735877409,0.008967373637639034,0.00015023322950336317,0.0009013993770201791,Sediment
Sulfurospirillum,0.06962295632289899,0.6173521147263086,-0.5477291584034096,0.01643367082355259,0.00015023322950336317,0.0009013993770201791,Water
Geothrix,1.020687336535247,0.010959721011319623,1.0097276155239272,0.019065857975260933,0.0001802153426899957,0.0009751515214311277,Sediment
Bifidobacterium,0.040093658394207865,0.18342614025411996,-0.1433324818599121,0.010262539673054247,0.00018058361507983846,0.0009751515214311277,Water
Aquaspirillum,0.012980971623489688,0.5416673088232558,-0.5286863371997661,0.14862291388141208,0.0002081184106062924,0.0010634624362443707,Water
Sphingomonas,0.37236320596322503,0.026482406346240255,0.34588079961698476,0.06456758485519247,0.0002166312370127422,0.0010634624362443707,Sediment
Vogesella,0.009850241216203311,0.20460355936620425,-0.19475331815000094,0.026280037435704822,0.00025734083924138884,0.0012083830712204344,Water
Trichlorobacter,0.5541411610034629,3.005643539543867,-2.451502378540404,0.008403613023370839,0.00036952219864219997,0.001596335898134304,Water
Arcobacter,0.1061267575872218,3.683691756724039,-3.577564999136817,0.07715304332258599,0.00036952219864219997,0.001596335898134304,Water
Megasphaera,0.022220575886032913,0.19090745993694194,-0.16868688405090904,0.01612026037636341,0.00043975808677961485,0.0018266874373922464,Water
Anaeromyxobacter,0.28093216929747433,0.04099720694269659,0.23993496235477774,0.003524294179552533,0.0007274882432307198,0.0029099529729228794,Sediment
Escherichia-Shigella,0.05647714010451531,0.3819129339772143,-0.325435793872699,0.00628927210167104,0.0008647033653458835,0.003335284409191265,Water
Paracoccus,0.4869831727729682,0.06085879325810011,0.4261243795148681,0.0508376350731286,0.0010188861995453222,0.00366799031836316,Sediment
Aquabacterium,0.18756417776731277,1.3964476050937715,-1.2088834273264588,0.035153874310075876,0.0010188861995453222,0.00366799031836316,Water
Ellin6067,0.38895604084004853,0.050602663049600614,0.33835337779044794,0.006544402124468886,0.001406256754328124,0.004899217079594755,Sediment
Caulobacter,0.18209713204085948,0.027944884763736445,0.15415224727712304,0.028533732689101605,0.0016472037920134592,0.005082800272498675,Sediment
[Eubacterium]_brachy_group,0.22215200073517802,0.05997933517622709,0.16217266555895093,0.007417172187650344,0.0016472037920134592,0.005082800272498675,Sediment
Rivicola,0.030084517766920605,0.2815495823011745,-0.2514650645342539,0.03830927334267426,0.0016472037920134592,0.005082800272498675,Water
Thermomonas,1.1949434102933927,0.31474698711325416,0.8801964231801385,0.0402360488535458,0.0016472037920134592,0.005082800272498675,Sediment
Vibrio,0.6180281296357412,0.0053015460100173184,0.6127265836257239,0.01969907557146573,0.0019129445321069407,0.005738833596320822,Sediment
Roseomonas,0.13037374779992367,0.0898089548900475,0.04056479290987616,0.4564618958082627,0.002246700753422747,0.006557937334315045,Sediment
Sphingorhabdus,0.22034251307458375,0.016318256540389358,0.2040242565341944,0.0374232597962313,0.0028172238391609935,0.00800684670077335,Sediment
Bacillus,6.697209526158245,0.028510752712395733,6.66869877344585,0.2739651504520116,0.00352197355414242,0.00975315753454824,Sediment
Malaciobacter,0.25437699932038177,0.016185699610679973,0.2381912997097018,0.12610742728228105,0.0037979579715258674,0.010254486523119843,Sediment
Faecalibacterium,0.05432951870364389,0.18807714383186763,-0.13374762512822375,0.022541366930053968,0.004082315868979593,0.010753417410970635,Water
Tolumonas,0.06266248926303135,0.31036379028484834,-0.24770130102181698,0.011796274971272041,0.004716530360235347,0.011846169276870173,Water
Lentimicrobium,0.03131416876966332,0.19020472693114776,-0.15889055816148445,0.08708681425530705,0.004716530360235347,0.011846169276870173,Water
Tyzzerella,0.21163283081306433,0.01791217423581917,0.19372065657724516,0.08492181832501708,0.00721780558484163,0.017716431890065817,Sediment
Thiovirga,0.054557506343283456,0.31285867856049066,-0.2583011722172072,0.011629687244230783,0.008242009906200226,0.019350805866730963,Water
Comamonas,0.16347746152187353,1.2893406514736416,-1.1258631899517682,0.06820179175207851,0.008242009906200226,0.019350805866730963,Water
Rhodanobacter,0.2758768073706853,0.02538638182050768,0.25049042555017764,0.015981063797259023,0.008608859515839533,0.019782060164056797,Sediment
Subgroup_10,0.23574488874821772,0.009543505088779406,0.22620138365943832,0.3064646672796998,0.009092217820975466,0.01997026073327476,Sediment
Candidatus_Bacilloplasma,0.3284131298801381,0.012864415929855167,0.31554871395028294,0.018560233335945402,0.009331469810924097,0.01997026073327476,Sediment
Acinetobacter,1.3864613433983644,5.032827160234261,-3.646365816835896,0.018460752751540296,0.009430400901824192,0.01997026073327476,Water
Macellibacteroides,0.2476902574503003,0.7825168649703684,-0.5348266075200682,0.05876820469798676,0.009430400901824192,0.01997026073327476,Water
Methanosaeta,1.0598680913037604,0.1221002899320728,0.9377678013716876,0.026171309318868404,0.010769318472118442,0.02194502632054324,Sediment
Clostridium_sensu_stricto_1,0.04291090544515669,0.2844839729999137,-0.241573067554757,0.14788558374324043,0.010769318472118442,0.02194502632054324,Water
Pseudomonas,0.09754889586752445,1.5354190997838053,-1.437870203916281,0.10656714402551995,0.012274648109661161,0.024549296219322322,Water
Candidatus_Hepatoplasma,0.3574197174387353,0.0009949028820231865,0.3564248145567121,0.23622828656932088,0.012686065436705932,0.024910819402986194,Sediment
Sh765B-TzT-35,0.38233046986729013,0.026410645241611224,0.3559198246256789,0.22243395379162673,0.01350907192337093,0.02605321013792965,Sediment
Desulfovibrio,0.14402821157410248,0.31447939451230156,-0.17045118293819908,0.019474112668781723,0.013963504288693081,0.026457166020681627,Water
Pragia,0.5832312122287737,0.13130228472187216,0.45192892750690156,0.1381531383540276,0.015066293517813335,0.028054477584893798,Sediment
Enterobacter,2.9797889685090246,0.9248932670346549,2.05489570147437,0.07160653332742979,0.015854266897989498,0.029021369914963825,Sediment
Sva0081_sediment_group,0.20130569561835424,0.06844081465254656,0.13286488096580767,0.02383813822183909,0.017653430154628644,0.031776174278331556,Sediment
Dysgonomonas,0.33484193979178045,0.04932068613570935,0.2855212536560711,0.0366536753062023,0.02025292507087344,0.03483690413324127,Sediment
Desulfobacter,0.0526916335602555,0.29603676649430344,-0.24334513293404794,0.017845927768975735,0.020321527411057402,0.03483690413324127,Water
Sulfurovum,0.8795057556726219,0.22019838131236433,0.6593073743602575,0.16304670786727551,0.020321527411057402,0.03483690413324127,Sediment
Enhydrobacter,0.04835396908135471,0.1743118482944832,-0.1259578792131285,0.04461168188069556,0.025849690449110427,0.043621352632873846,Water
Zoogloea,0.18255982658283515,0.7365928006588389,-0.5540329740760037,0.0620564167895395,0.02907155995483803,0.04830351500188472,Water
Lautropia,0.27054225266390775,0.05254688769163777,0.21799536497226998,0.1609837278813494,0.032633216065285,0.051829225515452645,Sediment
Blautia,0.04611966597033762,0.19456678657636922,-0.1484471206060316,0.06899192373719297,0.032633216065285,0.051829225515452645,Water
Curvibacter,0.15899090120143491,0.06213972220674819,0.09685117899468673,0.09131354841748163,0.032633216065285,0.051829225515452645,Sediment
Sulfuricurvum,3.2171737176406174,0.8643983086477952,2.352775408992822,0.01854112140093032,0.036562191434190316,0.05722777789699354,Sediment
Capnocytophaga,0.30393679102070914,0.0,0.30393679102070914,0.20486081485399854,0.03791877069842341,0.05850324622042468,Sediment
Leptotrichia,0.4094823258066088,0.001534347796137099,0.4079479780104717,0.1683228775846085,0.044722594030601144,0.06751955214901761,Sediment
Shewanella,0.9231485208733137,0.07211149586618469,0.851037025007129,0.05094936196037802,0.04551981495164698,0.06751955214901761,Sediment
Methylotenera,0.07216847152907337,0.12980798933533816,-0.05763951780626479,0.06457591298357926,0.045638215804428575,0.06751955214901761,Water
Alicycliphilus,0.25759191754683386,0.02518976656692244,0.23240215097991143,0.08164610943965696,0.05640759729106137,0.08142158967684603,Sediment
Hydrogenophaga,1.078164925280779,2.521716481142196,-1.443551555861417,0.08040243929786246,0.05654277060892085,0.08142158967684603,Water
Brachymonas,0.09002762934575408,0.229991511970463,-0.13996388262470894,0.06365981196712055,0.0695341507334379,0.09881168788435912,Water
Desulfobulbus,0.9692089483275715,0.2681890148277583,0.7010199334998133,0.08086186743491212,0.07689626394376972,0.10785450007697571,Sediment
Thauera,3.537615751529483,0.8693310383088461,2.6682847132206367,0.015428201316234288,0.08488165299571686,0.11604074080427115,Sediment
Aeromonas,0.47249216780177805,1.1995827646451425,-0.7270905968433644,0.04650623136576167,0.08488165299571686,0.11604074080427115,Water
Prevotella,0.11570535089936408,0.22357503485174396,-0.10786968395237988,0.48108677679054723,0.11292204477606509,0.1505627263680868,Water
Cloacibacterium,1.7668756059626365,4.2040427000155605,-2.437167094052924,0.13216458303249215,0.11292204477606509,0.1505627263680868,Water
Pantoea,0.08421494721819886,0.14647516412084102,-0.06226021690264216,0.2510584387889261,0.12374393858320541,0.16297982154861199,Water
[Ruminococcus]_torques_group,0.024180229871786064,0.21961382162852686,-0.1954335917567408,0.15084777031606167,0.12892555335333988,0.16775855135133383,Water
[Desulfobacterium]_catecholicum_group,0.11188673860619776,0.2001767370478941,-0.08828999844169634,0.3571573133801905,0.16109322449890162,0.20711986007001637,Water
Bacteroides,0.29313872550877207,0.4390301064130732,-0.14589138090430115,0.31712983768505476,0.17527213921127915,0.2201091980792808,Water
Arenimonas,0.2706708426472896,0.22628923344971735,0.044381609197572225,0.6910462599134334,0.17527213921127915,0.2201091980792808,Sediment
Rothia,0.21291375476740157,0.002396212100134009,0.21051754266726755,0.29973145950081914,0.19942053203671262,0.2475565225283329,Sediment
Streptococcus,0.9017442398527719,0.5344854636751458,0.36725877617762603,0.5465358014659951,0.3232138110799865,0.396671495416347,Sediment
Neisseria,0.19807183295510175,0.0032738798040068784,0.19479795315109488,0.2682262243261068,0.3312339175101241,0.4019467763044203,Sediment
Flavobacterium,0.08037086163969057,0.16465786621920014,-0.08428700457950958,0.19376858702051666,0.3462297896371177,0.41547574756454125,Water
Geothermobacter,0.16900693792887636,0.25740079288606366,-0.0883938549571873,0.526715604141549,0.3702635725474709,0.4394336904958995,Water
Romboutsia,0.08020290612780769,0.12095056703485192,-0.040747660907044236,0.5448710028338439,0.3953072503151053,0.4640563373264279,Water
Desulfomicrobium,0.42319500752493394,0.4138033566917067,0.009391650833227239,0.9624501756864985,0.42134823269748845,0.4841022248013697,Sediment
Smithella,0.3995982259997469,0.16812214626170582,0.2314760797380411,0.15173367047671857,0.42134823269748845,0.4841022248013697,Sediment
Fusobacterium,0.30062675053271504,0.001850062629905104,0.2987766879028099,0.16812696860803203,0.4438305311406481,0.504415280830549,Sediment
Propionivibrio,0.10976132470775543,0.16569245214873476,-0.055931127440979334,0.30265890599066825,0.44836913851604354,0.504415280830549,Water
Lachnospiraceae_NK4A136_group,0.2077594167161275,0.2941488756216149,-0.08638945890548741,0.6338656684676564,0.47634772226738475,0.5303665361327583,Water
Paludibacter,2.0924178519176877,0.5643160983847728,1.5281017535329149,0.20470761900211007,0.5350644544782063,0.5896628682004722,Sediment
NK4A214_group,0.0644350387171286,0.1652935239498822,-0.10085848523275359,0.39654369862119765,0.6294858543167832,0.6798447226621258,Water
Christensenellaceae_R-7_group,0.3894554856847781,0.4921148750692441,-0.102659389384466,0.6817130549570812,0.6294858543167832,0.6798447226621258,Water
Novosphingobium,1.3956733220794884,1.7860302336008296,-0.3903569115213412,0.6348525965739356,0.7651995408617962,0.8182331724066731,Water
Ralstonia,0.33227491831024697,8.977499056015246,-8.645224137704998,0.14154192562468185,0.8004638591288532,0.8393493548375359,Water
Sulfurimonas,0.14598469494842597,0.13628261635410258,0.009702078594323399,0.911260475295362,0.8004905884098723,0.8393493548375359,Sediment
Rhodobacter,0.5925628997136113,0.3610006118198595,0.23156228789375183,0.3362067884971164,0.872237629786812,0.9057852309324587,Sediment
Akkermansia,0.04555030529166814,0.6639642604309218,-0.6184139551392537,0.14991373277446274,0.8890903806377962,0.9144929629417332,Water
Dechloromonas,0.8279926683546864,0.6039585919535585,0.22403407640112794,0.4895937905619199,0.9085487981709219,0.9256912283250902,Sediment
Methylobacterium-Methylorubrum,0.22584759677370317,0.012310705210350884,0.2135368915633523,0.1029903346436113,0.9815827381482931,0.9907564085982771,Sediment
Allorhizobium-Neorhizobium-Pararhizobium-Rhizobium,0.13075130215289457,0.1351106696880461,-0.004359367535151537,0.9465120791839519,1.0,1.0,Water
